tick,generation,best_damage,avg_damage,best_travel,avg_travel,best_battery,avg_battery,hypervolume,n_pareto
0,1,4.975208857356606,2.699469281624603,168.06532670930355,213.7138375466303,168.06532670930355,213.7138375466303,41189.09468563372,8
0,2,4.975208857356606,3.0771542625554624,165.95053005632303,205.8172964854198,165.95053005632303,205.8172964854198,43757.70461158161,10
0,3,5.235614094112322,3.249900201115779,165.95053005632303,201.3167730017518,165.95053005632303,201.3167730017518,46173.36274715079,13
0,4,5.329663424057419,3.369354683224058,165.95053005632303,199.81488187671286,165.95053005632303,199.81488187671286,47671.38242384702,13
0,5,5.329663424057419,3.4595179514055205,153.22463570938612,196.60449796412686,153.22463570938612,196.60449796412686,60217.53994646518,12
0,6,5.364512979937405,3.5154525342795853,153.22463570938612,190.15246636146367,153.22463570938612,190.15246636146367,61383.19776055941,13
0,7,5.364512979937405,3.7712984884873526,153.22463570938612,190.8361807972686,153.22463570938612,190.8361807972686,66808.88217280235,10
0,8,5.364512979937405,3.876355007102421,153.22463570938612,188.53221589490056,153.22463570938612,188.53221589490056,66918.88840088474,14
0,9,5.4585623098825025,4.046104196271961,153.22463570938612,187.22480540119486,153.22463570938612,187.22480540119486,67219.70756122386,24
0,10,5.701385184823058,3.895902379724599,153.22463570938612,184.34591226533664,153.22463570938612,184.34591226533664,68007.40667708733,24
0,11,5.701385184823058,3.9112840929171,153.22463570938612,181.3858088705762,153.22463570938612,181.3858088705762,69159.83820237232,26
0,12,5.701385184823058,3.8027186219100164,153.22463570938612,178.9623200451806,153.22463570938612,178.9623200451806,69801.42401427751,26
0,13,5.701385184823058,4.241412782166042,143.64512926174416,183.38829492213026,143.64512926174416,183.38829492213026,85375.27962253553,14
0,14,5.701385184823058,4.6505500222993685,143.64512926174416,188.39897982302847,143.64512926174416,188.39897982302847,87456.18983054043,17
0,15,5.701385184823058,4.847724115104411,143.64512926174416,188.78719669445323,143.64512926174416,188.78719669445323,87456.18983054043,19
0,16,5.701385184823058,4.882731478611037,143.64512926174416,186.4367123351324,143.64512926174416,186.4367123351324,87598.22194837329,21
0,17,5.701385184823058,4.819684684048966,139.82243272586652,183.5435905897747,139.82243272586652,183.5435905897747,91486.51390467517,28
0,18,5.701385184823058,4.987261029680971,139.82243272586652,187.61747246329125,139.82243272586652,187.61747246329125,93612.89541442342,26
0,19,5.843420644402123,4.89207810336221,139.82243272586652,182.91180421200158,139.82243272586652,182.91180421200158,93765.84485765318,34
0,20,5.843420644402123,5.014670896564824,139.82243272586652,184.90905607823308,139.82243272586652,184.90905607823308,93863.21176562356,41
0,21,5.843420644402123,5.103429449982869,139.82243272586652,188.52779909615683,139.82243272586652,188.52779909615683,94130.22485068528,41
0,22,5.843420644402123,5.122774304471633,139.82243272586652,189.20854594225628,139.82243272586652,189.20854594225628,94130.22485068528,48
0,23,5.843420644402123,5.152704274059276,139.82243272586652,190.3491065134736,139.82243272586652,190.3491065134736,94140.72317494916,59
0,24,5.843420644402123,5.086955592390167,139.82243272586652,186.6378809718035,139.82243272586652,186.6378809718035,94469.86291064361,52
0,25,5.843420644402123,5.178402295347605,139.82243272586652,192.64905236655304,139.82243272586652,192.64905236655304,96674.32254272324,51
0,26,5.843420644402123,5.423518896322827,139.22642408416712,202.74433674472985,139.22642408416712,202.74433674472985,98549.87658998535,48
0,27,5.843420644402123,5.499632891030639,139.22642408416712,206.40545278139078,139.22642408416712,206.40545278139078,98549.87658998535,57
0,28,5.89742262583221,5.557297058667783,139.22642408416712,207.10091388613017,139.22642408416712,207.10091388613017,98588.25466039793,60
0,29,5.89742262583221,5.513236388158536,139.22642408416712,207.26784742536776,139.22642408416712,207.26784742536776,99522.36908390064,39
0,30,5.89742262583221,5.5395819502293016,139.22642408416712,206.33545384124238,139.22642408416712,206.33545384124238,99802.91415064073,38
0,31,6.02032576246417,5.43770489148311,139.22642408416712,194.69235570372695,139.22642408416712,194.69235570372695,99997.46091431663,33
0,32,6.040905895510372,5.48961219145518,139.22642408416712,196.0017473247454,139.22642408416712,196.0017473247454,100204.78732569517,29
0,33,6.040905895510372,5.478622878994098,139.22642408416712,193.55865204637223,139.22642408416712,193.55865204637223,100313.54002065602,37
0,34,6.080168085466176,5.400265695116291,139.22642408416712,184.41621441203313,139.22642408416712,184.41621441203313,100359.63953396677,44
0,35,6.080168085466176,5.347361237086225,139.22642408416712,180.34529038147755,139.22642408416712,180.34529038147755,100640.15027907558,42
0,36,6.080168085466176,5.261670298679764,139.22642408416712,171.98942101652395,139.22642408416712,171.98942101652395,100649.36786519576,49
0,37,6.080168085466176,5.238957788486347,139.22642408416712,169.49035807219445,139.22642408416712,169.49035807219445,100649.36786519576,60
0,38,6.080168085466176,5.23342688845959,139.22642408416712,166.62712478373268,139.22642408416712,166.62712478373268,100733.53416416034,60
0,39,6.080168085466176,5.266830564053108,139.22642408416712,171.0281978038707,139.22642408416712,171.0281978038707,105475.79297186034,55
0,40,6.162361222043234,5.221612962499781,139.22642408416712,162.92476581753118,139.22642408416712,162.92476581753118,106450.04854323909,51
0,41,6.162361222043234,5.101165085272235,139.22642408416712,148.50931870963666,139.22642408416712,148.50931870963666,106497.08245874885,60
0,42,6.162361222043234,5.045092136760489,139.22642408416712,148.6626062496665,139.22642408416712,148.6626062496665,106748.45354181174,60
0,43,6.162361222043234,5.141791400657248,139.22642408416712,155.86995202402588,139.22642408416712,155.86995202402588,106748.45354181174,60
0,44,6.162361222043234,5.203084194098574,139.22642408416712,157.65971430806042,139.22642408416712,157.65971430806042,106748.45354181174,60
0,45,6.162361222043234,5.322229113008954,139.22642408416712,166.7169194128537,139.22642408416712,166.7169194128537,106748.91409232221,60
0,46,6.162361222043234,5.2055958855293625,139.22642408416712,161.5406874458236,139.22642408416712,161.5406874458236,107374.45460551855,60
0,47,6.162361222043234,5.1093203373342515,139.22642408416712,151.09774651023656,139.22642408416712,151.09774651023656,107379.98251381266,60
0,48,6.162361222043234,5.159379801341657,139.22642408416712,153.8484170350821,139.22642408416712,153.8484170350821,107379.98251381266,60
0,49,6.162361222043234,5.179841997869133,139.22642408416712,155.82801226804972,139.22642408416712,155.82801226804972,107379.98251381266,60
0,50,6.162361222043234,5.246545698522145,139.22642408416712,158.8550723343545,139.22642408416712,158.8550723343545,107379.98251381266,60
0,51,6.162361222043234,5.316834084347567,139.22642408416712,166.87222492024887,139.22642408416712,166.87222492024887,107946.65715843483,60
0,52,6.162361222043234,5.330026657437028,139.22642408416712,168.17570968290565,139.22642408416712,168.17570968290565,107946.65715843483,60
0,53,6.162361222043234,5.291795075830474,139.22642408416712,166.67496732914915,139.22642408416712,166.67496732914915,108330.1320290176,60
0,54,6.162361222043234,5.24937926588248,139.22642408416712,163.27141598639355,139.22642408416712,163.27141598639355,108330.1320290176,60
0,55,6.162361222043234,5.288235705979483,139.22642408416712,164.66798132562647,139.22642408416712,164.66798132562647,108365.20275493596,60
0,56,6.162361222043234,5.283506385581194,139.22642408416712,163.79308614779868,139.22642408416712,163.79308614779868,108365.20275493596,60
0,57,6.162361222043234,5.363418672975787,139.22642408416712,169.37450777555063,139.22642408416712,169.37450777555063,108365.20275493596,60
0,58,6.162361222043234,5.476904913374713,139.22642408416712,177.1978185326598,139.22642408416712,177.1978185326598,108365.20275493596,60
0,59,6.162361222043234,5.435681215618059,139.22642408416712,174.77061338277744,139.22642408416712,174.77061338277744,108365.20275493596,60
0,60,6.162361222043234,5.456274866388173,139.22642408416712,176.49051207199,139.22642408416712,176.49051207199,108365.20275493596,60
0,61,6.162361222043234,5.5704394826241055,139.22642408416712,183.53354960284767,139.22642408416712,183.53354960284767,108365.20275493596,60
0,62,6.162361222043234,5.629136938617334,139.22642408416712,187.93797312986737,139.22642408416712,187.93797312986737,108365.20275493596,60
0,63,6.162361222043234,5.670906195313649,139.22642408416712,188.9967465357958,139.22642408416712,188.9967465357958,108365.20275493596,60
0,64,6.162361222043234,5.6003468263654135,139.22642408416712,181.41116878819506,139.22642408416712,181.41116878819506,108365.20275493596,60
0,65,6.162361222043234,5.780452991718717,139.22642408416712,197.3573178743516,139.22642408416712,197.3573178743516,108939.26444189966,60
0,66,6.162361222043234,5.851588225130128,139.22642408416712,201.4698155029984,139.22642408416712,201.4698155029984,108939.26444189966,60
0,67,6.162361222043234,5.83274415239485,139.22642408416712,199.1579775383765,139.22642408416712,199.1579775383765,108939.26444189966,60
0,68,6.162361222043234,5.846409075566088,139.22642408416712,197.8256670880381,139.22642408416712,197.8256670880381,108939.26444189966,60
0,69,6.162361222043234,5.818157428553355,139.22642408416712,192.11782152890146,139.22642408416712,192.11782152890146,108939.26444189966,60
0,70,6.162361222043234,5.851883423083546,139.22642408416712,197.81157082672786,139.22642408416712,197.81157082672786,108939.26444189966,60
0,71,6.162361222043234,5.825268503201608,139.22642408416712,196.51724246192174,139.22642408416712,196.51724246192174,108939.26444189966,60
0,72,6.162361222043234,5.849385332471172,139.22642408416712,195.80021510579252,139.22642408416712,195.80021510579252,108939.26444189966,60
0,73,6.162361222043234,5.839070542419308,139.22642408416712,195.64312595289306,139.22642408416712,195.64312595289306,108939.26444189966,60
0,74,6.162361222043234,5.855475236809781,139.22642408416712,194.5442902644156,139.22642408416712,194.5442902644156,108939.26444189966,60
0,75,6.162361222043234,5.839917390005296,139.22642408416712,191.66132484368762,139.22642408416712,191.66132484368762,108939.26444189966,60
0,76,6.162361222043234,5.887449530501473,139.22642408416712,198.29465008302637,139.22642408416712,198.29465008302637,108939.26444189966,60
0,77,6.162361222043234,5.904004749355992,139.22642408416712,201.76243902197288,139.22642408416712,201.76243902197288,108939.26444189966,60
0,78,6.162361222043234,5.919717933973854,139.22642408416712,199.71941189087542,139.22642408416712,199.71941189087542,108939.26444189966,60
0,79,6.162361222043234,5.940262347241247,139.22642408416712,204.1857050313927,139.22642408416712,204.1857050313927,109698.70935501321,55
0,80,6.162361222043234,5.959170327165108,126.2261147826685,204.73611008399786,126.2261147826685,204.73611008399786,132037.24223217226,4
0,81,6.162361222043234,5.958985996171109,126.2261147826685,202.5455698358443,126.2261147826685,202.5455698358443,132037.24223217226,10
0,82,6.162361222043234,6.057210637204245,126.2261147826685,209.0497269739531,126.2261147826685,209.0497269739531,132037.24223217226,22
0,83,6.162361222043234,6.033138883926365,126.2261147826685,195.5056318867647,126.2261147826685,195.5056318867647,132037.24223217226,47
0,84,6.162361222043234,6.034586452553213,126.2261147826685,191.051544608867,126.2261147826685,191.051544608867,132037.24223217226,60
0,85,6.162361222043234,6.027489874495273,126.2261147826685,189.4279076964521,126.2261147826685,189.4279076964521,132037.24223217226,60
0,86,6.162361222043234,6.036943320370839,126.2261147826685,190.79101393795162,126.2261147826685,190.79101393795162,132037.24223217226,60
0,87,6.162361222043234,6.025356427983183,126.2261147826685,189.05859913368178,126.2261147826685,189.05859913368178,132055.34585096408,60
0,88,6.162361222043234,6.0326920121097,126.2261147826685,191.49553416750751,126.2261147826685,191.49553416750751,132055.34585096408,60
0,89,6.162361222043234,6.028196502858973,126.2261147826685,190.90571049062038,126.2261147826685,190.90571049062038,132055.34585096408,60
0,90,6.162361222043234,6.002416454355436,126.2261147826685,185.9260218615208,126.2261147826685,185.9260218615208,132055.34585096408,60
0,91,6.162361222043234,5.975469373456136,126.2261147826685,184.79230872535877,126.2261147826685,184.79230872535877,132055.34585096408,60
0,92,6.162361222043234,5.94780527435111,126.2261147826685,181.21870122496412,126.2261147826685,181.21870122496412,132055.34585096408,60
0,93,6.162361222043234,5.949699714794623,126.2261147826685,180.77471166632364,126.2261147826685,180.77471166632364,132055.34585096408,60
0,94,6.162361222043234,5.954907047330064,126.2261147826685,183.32338392241118,126.2261147826685,183.32338392241118,132055.34585096408,60
0,95,6.162361222043234,5.954184834203327,126.2261147826685,180.40244377314642,126.2261147826685,180.40244377314642,132055.34585096408,60
0,96,6.162361222043234,5.974996556239998,126.2261147826685,183.6467582675692,126.2261147826685,183.6467582675692,132055.34585096408,60
0,97,6.162361222043234,5.988950706287304,126.2261147826685,186.08073397098806,126.2261147826685,186.08073397098806,132055.34585096408,60
0,98,6.162361222043234,5.9444923822591855,126.2261147826685,178.22603941023604,126.2261147826685,178.22603941023604,132055.34585096408,60
0,99,6.162361222043234,5.935033741462605,126.2261147826685,176.3818873837044,126.2261147826685,176.3818873837044,132055.34585096408,60
0,100,6.162361222043234,5.949465903647061,126.2261147826685,180.44245932994494,126.2261147826685,180.44245932994494,132055.34585096408,60
0,101,6.162361222043234,5.8983838187771385,126.2261147826685,172.1096783145676,126.2261147826685,172.1096783145676,132055.34585096408,60
0,102,6.162361222043234,5.898856635993274,126.2261147826685,173.2552287723571,126.2261147826685,173.2552287723571,132055.34585096408,60
0,103,6.162361222043234,5.918018118576021,126.2261147826685,178.23787673186357,126.2261147826685,178.23787673186357,132055.34585096408,60
0,104,6.162361222043234,5.946170619660221,126.2261147826685,184.40017204514427,126.2261147826685,184.40017204514427,132055.34585096408,60
0,105,6.162361222043234,5.928654181610388,126.2261147826685,177.19814483552213,126.2261147826685,177.19814483552213,132055.34585096408,60
0,106,6.162361222043234,5.905236195845491,126.2261147826685,172.43897132053942,126.2261147826685,172.43897132053942,132055.34585096408,60
0,107,6.162361222043234,5.92131340256286,126.2261147826685,174.2801640166642,126.2261147826685,174.2801640166642,132055.34585096408,60
0,108,6.162361222043234,5.905470006993054,126.2261147826685,172.77122365691807,126.2261147826685,172.77122365691807,132055.34585096408,60
0,109,6.162361222043234,5.888192575011796,126.2261147826685,166.3824945687068,126.2261147826685,166.3824945687068,132055.34585096408,60
0,110,6.162361222043234,5.874243619885504,126.2261147826685,164.4295646503201,126.2261147826685,164.4295646503201,132055.34585096408,60
0,111,6.162361222043234,5.874004613816931,126.2261147826685,163.61626652890922,126.2261147826685,163.61626652890922,132055.34585096408,60
0,112,6.162361222043234,5.8886705871489475,126.2261147826685,168.00909081152847,126.2261147826685,168.00909081152847,132055.34585096408,60
0,113,6.162361222043234,5.85106464018918,126.2261147826685,160.48368925674825,126.2261147826685,160.48368925674825,132055.34585096408,60
0,114,6.162361222043234,5.855315948450317,126.2261147826685,159.77916902719238,126.2261147826685,159.77916902719238,132055.34585096408,60
0,115,6.162361222043234,5.875194449238791,126.2261147826685,167.20171135093133,126.2261147826685,167.20171135093133,132055.34585096408,60
0,116,6.162361222043234,5.868336877249424,126.2261147826685,166.39137255992736,126.2261147826685,166.39137255992736,132055.34585096408,60
0,117,6.162361222043234,5.914689641721057,126.2261147826685,173.80207756203887,126.2261147826685,173.80207756203887,132055.34585096408,60
0,118,6.162361222043234,5.919174761129759,126.2261147826685,173.42980966886168,126.2261147826685,173.42980966886168,132055.34585096408,60
0,119,6.162361222043234,5.9314890615651645,126.2261147826685,178.56421040742848,126.2261147826685,178.56421040742848,132055.34585096408,60
0,120,6.162361222043234,5.9206191873832354,126.2261147826685,179.2716899673912,126.2261147826685,179.2716899673912,132055.34585096408,60
0,121,6.162361222043234,5.940469690224595,126.2261147826685,178.78176619113842,126.2261147826685,178.78176619113842,132055.34585096408,60
0,122,6.162361222043234,5.94070869629317,126.2261147826685,179.59506431254928,126.2261147826685,179.59506431254928,132055.34585096408,60
0,123,6.162361222043234,5.928877602915926,126.2261147826685,176.5683056018364,126.2261147826685,176.5683056018364,132055.34585096408,60
0,124,6.162361222043234,5.934095325293393,126.2261147826685,180.07906942798834,126.2261147826685,180.07906942798834,132055.34585096408,60
0,125,6.162361222043234,5.955140858477624,126.2261147826685,183.65563625878985,126.2261147826685,183.65563625878985,132055.34585096408,60
0,126,6.162361222043234,5.959402556580789,126.2261147826685,183.91320759929835,126.2261147826685,183.91320759929835,132055.34585096408,60
0,127,6.162361222043234,5.951833161306713,126.2261147826685,181.144020229094,126.2261147826685,181.144020229094,132055.34585096408,60
0,128,6.162361222043234,5.946859639918835,126.2261147826685,178.9276003093851,126.2261147826685,178.9276003093851,132055.34585096408,60
0,129,6.162361222043234,5.958451727227503,126.2261147826685,181.1410608986871,126.2261147826685,181.1410608986871,132055.34585096408,60
0,130,6.162361222043234,5.952311173443862,126.2261147826685,182.77061647191567,126.2261147826685,182.77061647191567,132055.34585096408,60
0,131,6.162361222043234,5.950188116773798,126.2261147826685,183.36339947920976,126.2261147826685,183.36339947920976,132055.34585096408,60
0,132,6.162361222043234,5.938601224386144,126.2261147826685,181.63098467493992,126.2261147826685,181.63098467493992,132055.34585096408,60
0,133,6.162361222043234,5.896738774244224,126.2261147826685,174.32905756468338,126.2261147826685,174.32905756468338,132055.34585096408,60
0,134,6.162361222043234,5.879939354400118,126.2261147826685,169.56692471929375,126.2261147826685,169.56692471929375,132055.34585096408,60
0,135,6.162361222043234,5.88774775574277,126.2261147826685,173.14941021090905,126.2261147826685,173.14941021090905,132055.34585096408,60
0,136,6.162361222043234,5.865735808442212,126.2261147826685,165.35755932439966,126.2261147826685,165.35755932439966,132055.34585096408,60
0,137,6.162361222043234,5.862417721429271,126.2261147826685,161.88385172463944,126.2261147826685,161.88385172463944,132055.34585096408,60
0,138,6.162361222043234,5.856277167645633,126.2261147826685,163.51340729786799,126.2261147826685,163.51340729786799,132055.34585096408,60
0,139,6.162361222043234,5.854148916054555,126.2261147826685,163.62514452012982,126.2261147826685,163.62514452012982,132055.34585096408,60
0,140,6.162361222043234,5.846818526849051,126.2261147826685,161.66925527133634,126.2261147826685,161.66925527133634,132055.34585096408,60
0,141,6.162361222043234,5.8541541109755695,126.2261147826685,164.10619030516202,126.2261147826685,164.10619030516202,132055.34585096408,60
0,142,6.162361222043234,5.865980009431798,126.2261147826685,166.65190323084275,126.2261147826685,166.65190323084275,132055.34585096408,60
0,143,6.162361222043234,5.872354374363002,126.2261147826685,165.35459999399282,126.2261147826685,165.35459999399282,132055.34585096408,60
0,144,6.162361222043234,5.862895733566423,126.2261147826685,163.51044796746115,126.2261147826685,163.51044796746115,132055.34585096408,60
0,145,6.162361222043234,5.888436776001384,126.2261147826685,167.6768384751498,126.2261147826685,167.6768384751498,132055.34585096408,60
0,146,6.162361222043234,5.891287240719198,126.2261147826685,170.48604140215275,126.2261147826685,170.48604140215275,132055.34585096408,60
0,147,6.162361222043234,5.872125758136451,126.2261147826685,165.50339344264634,126.2261147826685,165.50339344264634,132055.34585096408,60
0,148,6.162361222043234,5.88512907883047,126.2261147826685,165.1652224454539,126.2261147826685,165.1652224454539,132055.34585096408,60
0,149,6.162361222043234,5.873058979384652,126.2261147826685,161.3251656133302,126.2261147826685,161.3251656133302,132055.34585096408,60
0,150,6.162361222043234,5.889375192170599,126.2261147826685,163.97965643086584,126.2261147826685,163.97965643086584,132055.34585096408,60
0,151,6.162361222043234,5.878744324057242,126.2261147826685,165.50043411223947,126.2261147826685,165.50043411223947,132055.34585096408,60
0,152,6.162361222043234,5.875421042123293,126.2261147826685,161.54568072744695,126.2261147826685,161.54568072744695,132055.34585096408,60
0,153,6.162361222043234,5.881800601975509,126.2261147826685,160.72942327562927,126.2261147826685,160.72942327562927,132055.34585096408,60
0,154,6.162361222043234,5.898361015751039,126.2261147826685,164.67825799960798,126.2261147826685,164.67825799960798,132055.34585096408,60
0,155,6.162361222043234,5.894104512568887,126.2261147826685,164.90173244413168,126.2261147826685,164.90173244413168,132055.34585096408,60
0,156,6.162361222043234,5.899067644114739,126.2261147826685,166.1560607937762,126.2261147826685,166.1560607937762,132055.34585096408,60
0,157,6.162361222043234,5.890081820534298,126.2261147826685,165.45745922503406,126.2261147826685,165.45745922503406,132055.34585096408,60
0,158,6.162361222043234,5.910903932412994,126.2261147826685,169.66386528952125,126.2261147826685,169.66386528952125,132055.34585096408,60
0,159,6.162361222043234,5.88608510310477,126.2261147826685,168.4184149310974,126.2261147826685,168.4184149310974,132055.34585096408,60
0,160,6.162361222043234,5.901923303753566,126.2261147826685,169.4463095058113,126.2261147826685,169.4463095058113,132055.34585096408,60
0,161,6.162361222043234,5.907130636289007,126.2261147826685,171.99498176189888,126.2261147826685,171.99498176189888,132055.34585096408,60
0,162,6.162361222043234,5.874493015796103,126.2261147826685,166.20495434179534,126.2261147826685,166.20495434179534,132055.34585096408,60
0,163,6.162361222043234,5.897905806639989,126.2261147826685,170.48308207174586,126.2261147826685,170.48308207174586,132055.34585096408,60
0,164,6.162361222043234,5.8659852043528105,126.2261147826685,167.13294901587494,126.2261147826685,167.13294901587494,132055.34585096408,60
0,165,6.162361222043234,5.863145129477022,126.2261147826685,165.28583765893637,126.2261147826685,165.28583765893637,132055.34585096408,60
0,166,6.162361222043234,5.866224210421388,126.2261147826685,167.94624713728578,126.2261147826685,167.94624713728578,132055.34585096408,60
0,167,6.162361222043234,5.883257441413055,126.2261147826685,173.04063231905405,126.2261147826685,173.04063231905405,132055.34585096408,60
0,168,6.162361222043234,5.862450914297396,126.2261147826685,170.27736360966344,126.2261147826685,170.27736360966344,132055.34585096408,60
0,169,6.162361222043234,5.878528121014767,126.2261147826685,172.1185563057882,126.2261147826685,172.1185563057882,132055.34585096408,60
0,170,6.162361222043234,5.899812660267576,126.2261147826685,176.50842125800057,126.2261147826685,176.50842125800057,132055.34585096408,60
0,171,6.162361222043234,5.936930205248168,126.2261147826685,181.44513499989472,126.2261147826685,181.44513499989472,132055.34585096408,60
0,172,6.162361222043234,5.917295905449284,126.2261147826685,175.3169365825988,126.2261147826685,175.3169365825988,132055.34585096408,60
0,173,6.162361222043234,5.884663479877394,126.2261147826685,170.00795494752745,126.2261147826685,170.00795494752745,132055.34585096408,60
0,174,6.162361222043234,5.897188788434265,126.2261147826685,168.04318770751325,126.2261147826685,168.04318770751325,132055.34585096408,60
0,175,6.162361222043234,5.887719757795659,126.2261147826685,165.23694411091722,126.2261147826685,165.23694411091722,132055.34585096408,60
0,176,6.162361222043234,5.906398033320242,126.2261147826685,168.1119500425697,126.2261147826685,168.1119500425697,132055.34585096408,60
0,177,6.162361222043234,5.892449078193947,126.2261147826685,166.15902012418306,126.2261147826685,166.15902012418306,132055.34585096408,60
0,178,6.162361222043234,5.870920337951552,126.2261147826685,160.47481126552762,126.2261147826685,160.47481126552762,132055.34585096408,60
0,179,6.162361222043234,5.887475556806073,126.2261147826685,163.94260020447416,126.2261147826685,163.94260020447416,132055.34585096408,60
0,180,6.162361222043234,5.869036287350064,126.2261147826685,161.88089239423252,126.2261147826685,161.88089239423252,132055.34585096408,60
0,181,6.162361222043234,5.8808621858062935,126.2261147826685,164.42660531991322,126.2261147826685,164.42660531991322,132055.34585096408,60
0,182,6.162361222043234,5.871881557146864,126.2261147826685,164.20904953620328,126.2261147826685,164.20904953620328,132055.34585096408,60
0,183,6.162361222043234,5.87684988361373,126.2261147826685,165.94442367087996,126.2261147826685,165.94442367087996,132055.34585096408,60
0,184,6.162361222043234,5.885591506204583,126.2261147826685,165.34868133317906,126.2261147826685,165.34868133317906,132055.34585096408,60
0,185,6.162361222043234,5.925559515902988,126.2261147826685,173.0945980020761,126.2261147826685,173.0945980020761,132055.34585096408,60
0,186,6.162361222043234,5.9016687129219525,126.2261147826685,167.18987402930387,126.2261147826685,167.18987402930387,132055.34585096408,60
0,187,6.162361222043234,5.922475240037612,126.2261147826685,169.95314273869454,126.2261147826685,169.95314273869454,132055.34585096408,60
0,188,6.162361222043234,5.920591189436124,126.2261147826685,171.35922386739944,126.2261147826685,171.35922386739944,132055.34585096408,60
0,189,6.162361222043234,5.915628057890273,126.2261147826685,170.10489551775487,126.2261147826685,170.10489551775487,132055.34585096408,60
0,190,6.162361222043234,5.934316723256881,126.2261147826685,173.9419930194718,126.2261147826685,173.9419930194718,132055.34585096408,60
0,191,6.162361222043234,5.9416419175413715,126.2261147826685,175.4168364832331,126.2261147826685,175.4168364832331,132055.34585096408,60
0,192,6.162361222043234,5.937151603211657,126.2261147826685,175.30805859137814,126.2261147826685,175.30805859137814,132055.34585096408,60
0,193,6.162361222043234,5.9208301955047,126.2261147826685,172.17252198881027,126.2261147826685,172.17252198881027,132055.34585096408,60
0,194,6.162361222043234,5.9390356538131455,126.2261147826685,173.90197746267324,126.2261147826685,173.90197746267324,132055.34585096408,60
0,195,6.162361222043234,5.936912597143081,126.2261147826685,174.49476046996728,126.2261147826685,174.49476046996728,132055.34585096408,60
0,196,6.162361222043234,5.92981601908514,126.2261147826685,172.8711235575524,126.2261147826685,172.8711235575524,132055.34585096408,60
0,197,6.162361222043234,5.933622508077254,126.2261147826685,178.9335189701988,126.2261147826685,178.9335189701988,132055.34585096408,60
0,198,6.162361222043234,5.904069163449728,126.2261147826685,176.2849468134769,126.2261147826685,176.2849468134769,132055.34585096408,60
0,199,6.162361222043234,5.90644161603039,126.2261147826685,177.46755349765812,126.2261147826685,177.46755349765812,132055.34585096408,60
0,200,6.162361222043234,5.898867025835301,126.2261147826685,174.2173203424215,126.2261147826685,174.2173203424215,132055.34585096408,60
1,1,3.7777060599438075,2.636177674593052,160.73887396558692,218.09908247409393,160.73887396558692,218.09908247409393,44027.32283606435,6
1,2,4.685034371864807,2.8065799183484588,160.73887396558692,207.07504196366114,160.73887396558692,207.07504196366114,47564.35456807885,4
1,3,4.685034371864807,3.0472909460095186,151.39131074072347,207.28637993222804,151.39131074072347,207.28637993222804,53875.73017252865,8
1,4,4.685034371864807,3.0980280456872706,148.91685763660735,199.16836311795262,148.91685763660735,199.16836311795262,56306.037942026065,11
1,5,4.685034371864807,3.4711160161437324,148.91685763660735,198.96390932267963,148.91685763660735,198.96390932267963,60222.07388393954,8
1,6,4.99114546574768,3.735715887185566,148.91685763660735,198.50299323716519,148.91685763660735,198.50299323716519,61112.16097431443,12
1,7,5.083598551416204,3.728011770604875,148.2637937920997,192.7157656749568,148.2637937920997,192.7157656749568,63402.052971376375,12
1,8,5.083598551416204,3.7316431387205644,148.2637937920997,190.03213235134535,148.2637937920997,190.03213235134535,64071.90828342956,16
1,9,5.083598551416204,3.5975658003925823,145.94225778827143,181.32596490178472,145.94225778827143,181.32596490178472,69622.73101016815,14
1,10,5.083598551416204,3.6065383028911837,145.94225778827143,180.84601423020197,145.94225778827143,180.84601423020197,69622.73101016815,16
1,11,5.086205917064801,3.516982091695275,145.94225778827143,176.63678244858528,145.94225778827143,176.63678244858528,71028.25597131645,21
1,12,5.086205917064801,3.6302656875939823,143.19274302640102,176.99485695908544,143.19274302640102,176.99485695908544,74468.0240978557,13
1,13,5.285135811970556,3.789392629343561,142.6555191419938,178.27644229603285,142.6555191419938,178.27644229603285,76645.14648654849,11
1,14,5.285135811970556,3.9278950898332874,142.6555191419938,184.26012197291124,142.6555191419938,184.26012197291124,79162.64395282706,13
1,15,5.301981781529012,3.99969606009258,142.6555191419938,184.31535206498526,142.6555191419938,184.31535206498526,80878.49731741138,12
1,16,5.683453557578517,4.178156728202925,138.9660215009035,185.22172456165123,138.9660215009035,185.22172456165123,84843.14175206526,15
1,17,5.683453557578517,4.273228531309978,138.9660215009035,180.03210128164434,138.9660215009035,180.03210128164434,85854.30644861245,21
1,18,5.683453557578517,4.245886546467901,138.9660215009035,175.22304734822367,138.9660215009035,175.22304734822367,85863.20413963504,29
1,19,5.683453557578517,4.217710818141112,138.9660215009035,173.1210733094509,138.9660215009035,173.1210733094509,86097.40403811116,32
1,20,5.683453557578517,3.9398397729344845,138.9660215009035,162.29463045061664,138.9660215009035,162.29463045061664,93892.93511295434,22
1,21,5.683453557578517,3.9295452820993746,138.9660215009035,160.357408174444,138.9660215009035,160.357408174444,93892.93511295434,28
1,22,5.825489017157581,4.0058299175431555,138.9660215009035,157.3108914101763,138.9660215009035,157.3108914101763,94992.58387331388,41
1,23,5.825489017157581,3.9047387012154067,138.9660215009035,152.34528430021115,138.9660215009035,152.34528430021115,95002.8739707987,59
1,24,5.825489017157581,3.8470574882547384,138.9660215009035,150.77220147218512,138.9660215009035,150.77220147218512,95007.36869984401,60
1,25,5.825489017157581,3.832119670558417,138.9660215009035,150.93430859594022,138.9660215009035,150.93430859594022,95007.36869984401,60
1,26,5.825489017157581,4.047749307221881,138.9660215009035,154.7639204030556,138.9660215009035,154.7639204030556,96215.68469213514,50
1,27,5.825489017157581,3.9548903886887303,138.9660215009035,151.27518149230806,138.9660215009035,151.27518149230806,96835.86274313313,60
1,28,5.825489017157581,3.960057671633236,138.9660215009035,152.6594563273985,138.9660215009035,152.6594563273985,96835.86274313313,60
1,29,5.825489017157581,4.07271717362576,138.9660215009035,154.5690543325785,138.9660215009035,154.5690543325785,96835.86274313313,60
1,30,5.825489017157581,4.285130163610787,138.9660215009035,159.071693245081,138.9660215009035,159.071693245081,97068.42066159226,60
1,31,5.825489017157581,4.164432084342705,138.9660215009035,156.96936171950335,138.9660215009035,156.96936171950335,98306.9260369787,60
1,32,5.825489017157581,3.9644040302905434,138.9660215009035,151.93778395953348,138.9660215009035,151.93778395953348,98838.74485648457,60
1,33,5.825489017157581,3.985168121354051,138.9660215009035,152.02231065076245,138.9660215009035,152.02231065076245,98923.57255536303,60
1,34,5.825489017157581,4.038799050219155,138.9660215009035,152.39550471563547,138.9660215009035,152.39550471563547,98952.1692319678,60
1,35,6.094907876940458,3.7991119032939875,138.9660215009035,150.10329246239579,138.9660215009035,150.10329246239579,100148.19215979746,60
1,36,6.094907876940458,3.8648923560477844,138.9660215009035,150.65346096595306,138.9660215009035,150.65346096595306,100580.72090636508,60
1,37,6.094907876940458,3.8805999125073933,138.9660215009035,151.9155384768897,138.9660215009035,151.9155384768897,101093.6876941619,60
1,38,6.094907876940458,3.8049309867522387,138.9660215009035,149.71124370371865,138.9660215009035,149.71124370371865,101243.43121590474,60
1,39,6.094907876940458,3.7511502634754676,138.9660215009035,149.70275018228534,138.9660215009035,149.70275018228534,101335.97642190215,60
1,40,6.094907876940458,3.821050620577728,138.9660215009035,150.91314346296406,138.9660215009035,150.91314346296406,101335.97642190215,60
1,41,6.094907876940458,3.852989030979448,138.9660215009035,150.54205580161846,138.9660215009035,150.54205580161846,101335.97642190215,60
1,42,6.094907876940458,4.116647303200766,138.9660215009035,156.60332178985269,138.9660215009035,156.60332178985269,101335.97642190215,60
1,43,6.094907876940458,4.161619160605366,138.9660215009035,156.84741708122823,138.9660215009035,156.84741708122823,101883.34463317582,60
1,44,6.094907876940458,4.250527254752703,138.9660215009035,158.6138072400086,138.9660215009035,158.6138072400086,101883.34463317582,60
1,45,6.094907876940458,4.223776445357711,138.9660215009035,155.97575840920533,138.9660215009035,155.97575840920533,101994.61876395148,60
1,46,6.094907876940458,4.4235168423261415,138.9660215009035,159.26058337468157,138.9660215009035,159.26058337468157,101994.61876395148,60
1,47,6.094907876940458,4.433436478595444,138.9660215009035,160.18412400240013,138.9660215009035,160.18412400240013,101994.61876395148,60
1,48,6.094907876940458,4.429158729885937,138.9660215009035,159.08621388436293,138.9660215009035,159.08621388436293,101994.61876395148,60
1,49,6.094907876940458,4.772591101219291,138.9660215009035,166.26086945017468,138.9660215009035,166.26086945017468,101994.61876395148,60
1,50,6.094907876940458,4.853566375150556,138.9660215009035,167.6808086585016,138.9660215009035,167.6808086585016,102200.0514235018,60
1,51,6.094907876940458,4.932326055274102,138.9660215009035,169.4161734619589,138.9660215009035,169.4161734619589,102200.0514235018,60
1,52,6.094907876940458,4.832315764713514,138.9660215009035,166.8194681117011,138.9660215009035,166.8194681117011,102200.0514235018,60
1,53,6.094907876940458,4.9201423284553645,138.9660215009035,167.55371911342274,138.9660215009035,167.55371911342274,102200.0514235018,60
1,54,6.094907876940458,4.886105629046607,138.9660215009035,165.37849926129135,138.9660215009035,165.37849926129135,102404.22602830271,60
1,55,6.094907876940458,4.895156457354697,138.9660215009035,165.44273533391302,138.9660215009035,165.44273533391302,102404.22602830271,60
1,56,6.094907876940458,4.902444130811372,138.9660215009035,167.30882905137426,138.9660215009035,167.30882905137426,102404.22602830271,60
1,57,6.094907876940458,4.884219306702107,138.9660215009035,162.7839475072071,138.9660215009035,162.7839475072071,102404.22602830271,60
1,58,6.094907876940458,5.041956373878684,138.9660215009035,166.73859604023923,138.9660215009035,166.73859604023923,102404.22602830271,60
1,59,6.094907876940458,4.807153605872898,138.9660215009035,164.56272258360792,138.9660215009035,164.56272258360792,102421.70047448095,60
1,60,6.094907876940458,4.762209629322735,138.9660215009035,164.10238252453522,138.9660215009035,164.10238252453522,102421.70047448095,60
1,61,6.094907876940458,4.819354651443565,138.9660215009035,163.17516662929174,138.9660215009035,163.17516662929174,102421.70047448095,60
1,62,6.094907876940458,5.373125838050992,136.7633323903279,175.09866604296298,136.7633323903279,175.09866604296298,109638.07716681859,44
1,63,6.094907876940458,5.663953081943059,136.7633323903279,178.70989379821802,136.7633323903279,178.70989379821802,109879.77363845108,60
1,64,6.094907876940458,5.636990703069939,136.7633323903279,175.21633620796925,136.7633323903279,175.21633620796925,109879.77363845108,60
1,65,6.094907876940458,5.664805257707715,136.7633323903279,177.81962195683212,136.7633323903279,177.81962195683212,109879.77363845108,60
1,66,6.094907876940458,5.633347293302399,136.7633323903279,175.26792081737852,136.7633323903279,175.26792081737852,110064.09188540568,60
1,67,6.094907876940458,5.621240567575579,136.7633323903279,174.26570063988535,136.7633323903279,174.26570063988535,110064.09188540568,60
1,68,6.094907876940458,5.653054778044365,136.7633323903279,174.94681938971638,136.7633323903279,174.94681938971638,110064.09188540568,60
1,69,6.094907876940458,5.659914530271789,136.7633323903279,176.84535091806046,136.7633323903279,176.84535091806046,110064.09188540568,60
1,70,6.094907876940458,5.6456603155635685,136.7633323903279,175.7971659421281,136.7633323903279,175.7971659421281,110064.09188540568,60
1,71,6.094907876940458,5.629318844683936,136.7633323903279,173.96301498217792,136.7633323903279,173.96301498217792,110064.09188540568,60
1,72,6.094907876940458,5.653873839552052,136.7633323903279,177.9259129848658,136.7633323903279,177.9259129848658,110064.09188540568,60
1,73,6.094907876940458,5.648790781769621,136.7633323903279,177.48627979162393,136.7633323903279,177.48627979162393,110064.09188540568,60
1,74,6.094907876940458,5.64503621703233,136.7633323903279,175.3628008203569,136.7633323903279,175.3628008203569,110064.09188540568,60
1,75,6.094907876940458,5.637654388953397,136.7633323903279,174.83416794234148,136.7633323903279,174.83416794234148,110064.09188540568,60
1,76,6.094907876940458,5.604551380015167,136.7633323903279,172.77674062703397,136.7633323903279,172.77674062703397,110064.09188540568,60
1,77,6.094907876940458,5.643799289205969,136.7633323903279,176.5604555789899,136.7633323903279,176.5604555789899,110064.09188540568,60
1,78,6.094907876940458,5.627200080871062,136.7633323903279,176.81037965432859,136.7633323903279,176.81037965432859,110064.09188540568,60
1,79,6.094907876940458,5.650536955580988,136.7633323903279,177.91546215846176,136.7633323903279,177.91546215846176,110064.09188540568,60
1,80,6.094907876940458,5.6348470215643385,136.7633323903279,177.86187625360492,136.7633323903279,177.86187625360492,110064.09188540568,60
1,81,6.094907876940458,5.597991628126875,136.7633323903279,175.43832194521784,136.7633323903279,175.43832194521784,110064.09188540568,60
1,82,6.094907876940458,5.601119133261714,136.7633323903279,175.87791333466194,136.7633323903279,175.87791333466194,110064.09188540568,60
1,83,6.094907876940458,5.65944823976264,136.7633323903279,179.72414684814638,136.7633323903279,179.72414684814638,110064.09188540568,60
1,84,6.094907876940458,5.629697710268554,136.7633323903279,177.3524719929076,136.7633323903279,177.3524719929076,110064.09188540568,60
1,85,6.094907876940458,5.642737370454358,136.7633323903279,176.86540639719775,136.7633323903279,176.86540639719775,110064.09188540568,60
1,86,6.094907876940458,5.607081793180859,136.7633323903279,174.03523736643814,136.7633323903279,174.03523736643814,110064.09188540568,60
1,87,6.094907876940458,5.591200439544072,136.7633323903279,171.61623483741772,136.7633323903279,171.61623483741772,110064.09188540568,60
1,88,6.094907876940458,5.571127493742466,136.7633323903279,170.42020229405207,136.7633323903279,170.42020229405207,110064.09188540568,60
1,89,6.094907876940458,5.620353877069011,136.7633323903279,174.6523465121455,136.7633323903279,174.6523465121455,110064.09188540568,60
1,90,6.094907876940458,5.6421150203915245,136.7633323903279,177.09027365613017,136.7633323903279,177.09027365613017,110064.09188540568,60
1,91,6.094907876940458,5.6507045132152,136.7633323903279,176.9053378729538,136.7633323903279,176.9053378729538,110064.09188540568,60
1,92,6.094907876940458,5.571807885667186,136.7633323903279,171.65230973126845,136.7633323903279,171.65230973126845,110064.09188540568,60
1,93,6.094907876940458,5.555756839107326,136.7633323903279,169.49669229278135,136.7633323903279,169.49669229278135,110064.09188540568,60
1,94,6.094907876940458,5.575466504087349,136.7633323903279,170.44210140952924,136.7633323903279,170.44210140952924,110064.09188540568,60
1,95,6.094907876940458,5.586465075772689,136.7633323903279,170.52617676197386,136.7633323903279,170.52617676197386,110064.09188540568,60
1,96,6.094907876940458,5.629158703860849,136.7633323903279,173.08769625300565,136.7633323903279,173.08769625300565,110064.09188540568,60
1,97,6.094907876940458,5.629102916470989,136.7633323903279,173.12033117358976,136.7633323903279,173.12033117358976,110064.09188540568,60
1,98,6.094907876940458,5.636443771799987,136.7633323903279,173.43737337411173,136.7633323903279,173.43737337411173,110064.09188540568,60
1,99,6.094907876940458,5.65183582139378,136.7633323903279,174.91870026577905,136.7633323903279,174.91870026577905,110064.09188540568,60
1,100,6.094907876940458,5.686494455254784,136.7633323903279,175.38604161400863,136.7633323903279,175.38604161400863,110064.09188540568,60
1,101,6.094907876940458,5.629633701315042,136.7633323903279,173.43466766254863,136.7633323903279,173.43466766254863,110064.09188540568,60
1,102,6.094907876940458,5.612348004070582,136.7633323903279,172.83145808139153,136.7633323903279,172.83145808139153,110064.09188540568,60
1,103,6.094907876940458,5.615084639536648,136.7633323903279,173.39890642987,136.7633323903279,173.39890642987,110064.09188540568,60
1,104,6.094907876940458,5.636722916173601,136.7633323903279,175.03119454705865,136.7633323903279,175.03119454705865,110064.09188540568,60
1,105,6.094907876940458,5.626083211221988,136.7633323903279,174.01468713020085,136.7633323903279,174.01468713020085,110064.09188540568,60
1,106,6.094907876940458,5.630797663368615,136.7633323903279,175.77842168371652,136.7633323903279,175.77842168371652,110064.09188540568,60
1,107,6.094907876940458,5.639296416755857,136.7633323903279,175.9687708230286,136.7633323903279,175.9687708230286,110064.09188540568,60
1,108,6.094907876940458,5.6300777047139094,136.7633323903279,175.73360401993074,136.7633323903279,175.73360401993074,110064.09188540568,60
1,109,6.094907876940458,5.58009031370125,136.7633323903279,172.0844170063804,136.7633323903279,172.0844170063804,110064.09188540568,60
1,110,6.094907876940458,5.613392093499314,136.7633323903279,173.31147701319455,136.7633323903279,173.31147701319455,110064.09188540568,60
1,111,6.094907876940458,5.625524077319823,136.7633323903279,175.49710412943253,136.7633323903279,175.49710412943253,110064.09188540568,60
1,112,6.094907876940458,5.565167342502648,136.7633323903279,171.15057400279252,136.7633323903279,171.15057400279252,110064.09188540568,60
1,113,6.094907876940458,5.572558790300491,136.7633323903279,170.25122779178804,136.7633323903279,170.25122779178804,110064.09188540568,60
1,114,6.094907876940458,5.617607623931531,136.7633323903279,174.04292043134768,136.7633323903279,174.04292043134768,110064.09188540568,60
1,115,6.094907876940458,5.59204425314182,136.7633323903279,174.54382204843287,136.7633323903279,174.54382204843287,110064.09188540568,60
1,116,6.094907876940458,5.598796787768503,136.7633323903279,174.23354586046244,136.7633323903279,174.23354586046244,110064.09188540568,60
1,117,6.094907876940458,5.625215834387216,136.7633323903279,172.90264672559323,136.7633323903279,172.90264672559323,110064.09188540568,60
1,118,6.094907876940458,5.671641422778743,136.7633323903279,175.16690172660552,136.7633323903279,175.16690172660552,110064.09188540568,60
1,119,6.094907876940458,5.674611890014605,136.7633323903279,175.90911995298805,136.7633323903279,175.90911995298805,110064.09188540568,60
1,120,6.094907876940458,5.683561989377864,136.7633323903279,176.2974247260453,136.7633323903279,176.2974247260453,110064.09188540568,60
1,121,6.094907876940458,5.687866970362231,136.7633323903279,176.730020266017,136.7633323903279,176.730020266017,110064.09188540568,60
1,122,6.094907876940458,5.6022557975867935,136.7633323903279,170.4316209301398,136.7633323903279,170.4316209301398,110064.09188540568,60
1,123,6.094907876940458,5.5888646338666454,136.7633323903279,170.56551659968645,136.7633323903279,170.56551659968645,110064.09188540568,60
1,124,6.094907876940458,5.570741123105565,136.7633323903279,167.74516762881476,136.7633323903279,167.74516762881476,110064.09188540568,60
1,125,6.094907876940458,5.568509432104766,136.7633323903279,167.65379948259306,136.7633323903279,167.65379948259306,110064.09188540568,60
1,126,6.094907876940458,5.5959642059853065,136.7633323903279,170.09451920530122,136.7633323903279,170.09451920530122,110064.09188540568,60
1,127,6.094907876940458,5.617994884672566,136.7633323903279,172.43295427249015,136.7633323903279,172.43295427249015,110064.09188540568,60
1,128,6.094907876940458,5.6354728586517915,136.7633323903279,173.1884678290766,136.7633323903279,173.1884678290766,110064.09188540568,60
1,129,6.094907876940458,5.588244355178479,136.7633323903279,169.0181359592838,136.7633323903279,169.0181359592838,110064.09188540568,60
1,130,6.094907876940458,5.560483419652191,136.7633323903279,168.7627475912004,136.7633323903279,168.7627475912004,110064.09188540568,60
1,131,6.094907876940458,5.623278914175121,136.7633323903279,173.7549455163987,136.7633323903279,173.7549455163987,110064.09188540568,60
1,132,6.094907876940458,5.630636256330978,136.7633323903279,175.58193714331517,136.7633323903279,175.58193714331517,110064.09188540568,60
1,133,6.094907876940458,5.623857637828257,136.7633323903279,174.82904176042044,136.7633323903279,174.82904176042044,110064.09188540568,60
1,134,6.094907876940458,5.62484938631974,136.7633323903279,175.9474508115232,136.7633323903279,175.9474508115232,110064.09188540568,60
1,135,6.094907876940458,5.646702041249292,136.7633323903279,178.89218295429458,136.7633323903279,178.89218295429458,110064.09188540568,60
1,136,6.094907876940458,5.65387462038521,136.7633323903279,177.81044301087758,136.7633323903279,177.81044301087758,110064.09188540568,60
1,137,6.094907876940458,5.675144291386357,136.7633323903279,181.0989473791213,136.7633323903279,181.0989473791213,110064.09188540568,60
1,138,6.094907876940458,5.686601714099991,136.7633323903279,180.76340657476868,136.7633323903279,180.76340657476868,110064.09188540568,60
1,139,6.094907876940458,5.696765498911356,136.7633323903279,181.90630574116432,136.7633323903279,181.90630574116432,110064.09188540568,60
1,140,6.094907876940458,5.660628882858062,136.7633323903279,176.17919949711572,136.7633323903279,176.17919949711572,110064.09188540568,60
1,141,6.094907876940458,5.604737710280543,136.7633323903279,172.92164327687786,136.7633323903279,172.92164327687786,110064.09188540568,60
1,142,6.094907876940458,5.5851702029881425,136.7633323903279,170.3801184693262,136.7633323903279,170.3801184693262,110064.09188540568,60
1,143,6.094907876940458,5.5965194210932,136.7633323903279,172.41539408988646,136.7633323903279,172.41539408988646,110064.09188540568,60
1,144,6.094907876940458,5.5788851607633765,136.7633323903279,171.71264688152286,136.7633323903279,171.71264688152286,110064.09188540568,60
1,145,6.094907876940458,5.585032317535478,136.7633323903279,172.61545479982124,136.7633323903279,172.61545479982124,110064.09188540568,60
1,146,6.094907876940458,5.561725972121721,136.7633323903279,171.2482757513627,136.7633323903279,171.2482757513627,110064.09188540568,60
1,147,6.094907876940458,5.610537635753255,136.7633323903279,174.96634029688693,136.7633323903279,174.96634029688693,110064.09188540568,60
1,148,6.094907876940458,5.668448105812394,136.7633323903279,179.0923980872753,136.7633323903279,179.0923980872753,110064.09188540568,60
1,149,6.094907876940458,5.589109243956157,136.7633323903279,172.8509174620261,136.7633323903279,172.8509174620261,110064.09188540568,60
1,150,6.094907876940458,5.598456244401592,136.7633323903279,171.58957221675834,136.7633323903279,171.58957221675834,110064.09188540568,60
1,151,6.094907876940458,5.601788584391591,136.7633323903279,173.60064191342684,136.7633323903279,173.60064191342684,110064.09188540568,60
1,152,6.094907876940458,5.596217190201412,136.7633323903279,172.99889420775926,136.7633323903279,172.99889420775926,110064.09188540568,60
1,153,6.094907876940458,5.5707498300506115,136.7633323903279,171.600701718841,136.7633323903279,171.600701718841,110064.09188540568,60
1,154,6.094907876940458,5.58329133864512,136.7633323903279,173.32925305843673,136.7633323903279,173.32925305843673,110064.09188540568,60
1,155,6.094907876940458,5.608463003273667,136.7633323903279,175.89960043998533,136.7633323903279,175.89960043998533,110064.09188540568,60
1,156,6.094907876940458,5.620883253845618,136.7633323903279,175.5395565681239,136.7633323903279,175.5395565681239,110064.09188540568,60
1,157,6.094907876940458,5.637455023848781,136.7633323903279,173.84786126186745,136.7633323903279,173.84786126186745,110064.09188540568,60
1,158,6.094907876940458,5.613666317781446,136.7633323903279,172.9709844054516,136.7633323903279,172.9709844054516,110064.09188540568,60
1,159,6.094907876940458,5.592169438621195,136.7633323903279,171.4640151011813,136.7633323903279,171.4640151011813,110064.09188540568,60
1,160,6.094907876940458,5.620922122638965,136.7633323903279,173.28106965090745,136.7633323903279,173.28106965090745,110064.09188540568,60
1,161,6.094907876940458,5.576363175336016,136.7633323903279,169.38716074395035,136.7633323903279,169.38716074395035,110064.09188540568,60
1,162,6.094907876940458,5.592758395220346,136.7633323903279,169.29654714147736,136.7633323903279,169.29654714147736,110064.09188540568,60
1,163,6.094907876940458,5.579926365402364,136.7633323903279,168.5579913358134,136.7633323903279,168.5579913358134,110064.09188540568,60
1,164,6.094907876940458,5.603923062860711,136.7633323903279,169.7486244407108,136.7633323903279,169.7486244407108,110064.09188540568,60
1,165,6.094907876940458,5.564398113252882,136.7633323903279,167.66659454399414,136.7633323903279,167.66659454399414,110064.09188540568,60
1,166,6.094907876940458,5.5665538031757045,136.7633323903279,170.15088297793838,136.7633323903279,170.15088297793838,110064.09188540568,60
1,167,6.094907876940458,5.561233993796729,136.7633323903279,171.0736271024392,136.7633323903279,171.0736271024392,110064.09188540568,60
1,168,6.094907876940458,5.602199011229413,136.7633323903279,172.08764399986902,136.7633323903279,172.08764399986902,110064.09188540568,60
1,169,6.094907876940458,5.541184687513614,136.7633323903279,167.08122126099826,136.7633323903279,167.08122126099826,110064.09188540568,60
1,170,6.094907876940458,5.500312740270862,136.7633323903279,164.54466519612438,136.7633323903279,164.54466519612438,110064.09188540568,60
1,171,6.094907876940458,5.549512942817667,136.7633323903279,169.00805059942851,136.7633323903279,169.00805059942851,110064.09188540568,60
1,172,6.094907876940458,5.592793293655179,136.7633323903279,170.14643809054712,136.7633323903279,170.14643809054712,110064.09188540568,60
1,173,6.094907876940458,5.5974771958834015,136.7633323903279,170.9435137477575,136.7633323903279,170.9435137477575,110064.09188540568,60
1,174,6.094907876940458,5.600219026270482,136.7633323903279,172.87236194748846,136.7633323903279,172.87236194748846,110064.09188540568,60
1,175,6.094907876940458,5.628587443607939,136.7633323903279,175.59243498904516,136.7633323903279,175.59243498904516,110064.09188540568,60
1,176,6.094907876940458,5.5963624508131495,136.7633323903279,172.3908833840557,136.7633323903279,172.3908833840557,110064.09188540568,60
1,177,6.094907876940458,5.588471179237074,136.7633323903279,173.5062824491588,136.7633323903279,173.5062824491588,110064.09188540568,60
1,178,6.094907876940458,5.618069845130964,136.7633323903279,175.66496247136513,136.7633323903279,175.66496247136513,110064.09188540568,60
1,179,6.094907876940458,5.602170662171299,136.7633323903279,173.337587209439,136.7633323903279,173.337587209439,110064.09188540568,60
1,180,6.094907876940458,5.615715287444605,136.7633323903279,175.01631826742425,136.7633323903279,175.01631826742425,110064.09188540568,60
1,181,6.094907876940458,5.6077363673965275,136.7633323903279,175.2889501794091,136.7633323903279,175.2889501794091,110064.09188540568,60
1,182,6.094907876940458,5.635094304855806,136.7633323903279,178.47383161273467,136.7633323903279,178.47383161273467,110064.09188540568,60
1,183,6.094907876940458,5.626227075725966,136.7633323903279,176.8263482131423,136.7633323903279,176.8263482131423,110064.09188540568,60
1,184,6.094907876940458,5.5992696049846415,136.7633323903279,172.89888983872748,136.7633323903279,172.89888983872748,110064.09188540568,60
1,185,6.094907876940458,5.583322770005111,136.7633323903279,171.5784314060583,136.7633323903279,171.5784314060583,110064.09188540568,60
1,186,6.094907876940458,5.638146783960817,136.7633323903279,173.91599737889572,136.7633323903279,173.91599737889572,110064.09188540568,60
1,187,6.094907876940458,5.668295886724016,136.7633323903279,176.72932006920576,136.7633323903279,176.72932006920576,110064.09188540568,60
1,188,6.094907876940458,5.634347647458043,136.7633323903279,174.39618301970503,136.7633323903279,174.39618301970503,110064.09188540568,60
1,189,6.094907876940458,5.596847320146056,136.7633323903279,170.45869767097383,136.7633323903279,170.45869767097383,110064.09188540568,60
1,190,6.094907876940458,5.6395319108003985,136.7633323903279,173.79596759478056,136.7633323903279,173.79596759478056,110064.09188540568,60
1,191,6.094907876940458,5.659923641939576,136.7633323903279,175.7538078091648,136.7633323903279,175.7538078091648,110064.09188540568,60
1,192,6.094907876940458,5.621593819578328,136.7633323903279,173.37991655052963,136.7633323903279,173.37991655052963,110064.09188540568,60
1,193,6.094907876940458,5.612409909067505,136.7633323903279,173.79762712992897,136.7633323903279,173.79762712992897,110064.09188540568,60
1,194,6.094907876940458,5.5998378711768275,136.7633323903279,172.54085978435515,136.7633323903279,172.54085978435515,110064.09188540568,60
1,195,6.094907876940458,5.636277622233224,136.7633323903279,174.42440828356274,136.7633323903279,174.42440828356274,110064.09188540568,60
1,196,6.094907876940458,5.62999350269451,136.7633323903279,175.729411820754,136.7633323903279,175.729411820754,110064.09188540568,60
1,197,6.094907876940458,5.605827969427718,136.7633323903279,172.19885227992452,136.7633323903279,172.19885227992452,110064.09188540568,60
1,198,6.094907876940458,5.611394234268313,136.7633323903279,173.75940968785332,136.7633323903279,173.75940968785332,110064.09188540568,60
1,199,6.094907876940458,5.615017074859552,136.7633323903279,173.01753295715767,136.7633323903279,173.01753295715767,110064.09188540568,60
1,200,6.094907876940458,5.640228865833449,136.7633323903279,174.72416244557155,136.7633323903279,174.72416244557155,110064.09188540568,60
2,1,4.0700968988098305,2.3899542394588686,163.25921523262815,219.34080573848738,163.25921523262815,219.34080573848738,38735.20909649857,7
2,2,4.0700968988098305,2.6800850677587897,151.9342843175351,210.78213952388094,151.9342843175351,210.78213952388094,44736.22660139994,9
2,3,4.682383712671483,2.87596115983557,151.9342843175351,206.49282682608327,151.9342843175351,206.49282682608327,49738.18253600019,5
2,4,5.115797448102866,3.0186939038899676,139.5464743897226,200.17598659502335,139.5464743897226,200.17598659502335,59879.078517428316,11
2,5,5.115797448102866,3.0007906471087487,139.5464743897226,193.06461461888617,139.5464743897226,193.06461461888617,60507.34488070983,16
2,6,5.115797448102866,3.1014922750783565,139.5464743897226,187.97980803377183,139.5464743897226,187.97980803377183,68116.97634850537,11
2,7,5.115797448102866,3.0555190203408893,139.5464743897226,180.36604117267092,139.5464743897226,180.36604117267092,68116.97634850537,13
2,8,5.115797448102866,3.204119754023924,139.5464743897226,181.2152905661621,139.5464743897226,181.2152905661621,69987.32318311371,15
2,9,5.115797448102866,3.274741399526276,139.5464743897226,178.42275082525094,139.5464743897226,178.42275082525094,70735.17300396606,21
2,10,5.115797448102866,3.1506616566539956,139.5464743897226,169.61026577414952,139.5464743897226,169.61026577414952,70749.36785400382,32
2,11,5.115797448102866,3.176578659161667,139.5464743897226,166.4290030661035,139.5464743897226,166.4290030661035,76140.02266742259,20
2,12,5.115797448102866,3.205812834988535,139.5464743897226,166.70017953215256,139.5464743897226,166.70017953215256,76179.0466453371,24
2,13,5.115797448102866,3.182401036355668,139.5464743897226,165.62350936484918,139.5464743897226,165.62350936484918,76731.27709433805,29
2,14,5.221344571821585,3.0879352782014706,139.5464743897226,162.80109609474914,139.5464743897226,162.80109609474914,77298.26148544071,30
2,15,5.221344571821585,3.0641168664728413,139.5464743897226,161.75550136303153,139.5464743897226,161.75550136303153,77298.26148544071,35
2,16,5.221344571821585,3.1884391927968285,139.43980490979507,164.05914480130778,139.43980490979507,164.05914480130778,77669.60371448098,19
2,17,5.221344571821585,3.4424160948322196,139.43980490979507,167.9134644342471,139.43980490979507,167.9134644342471,77718.40349043188,26
2,18,5.221344571821585,3.5462937953575824,139.43980490979507,168.32171848333863,139.43980490979507,168.32171848333863,77975.08859231007,27
2,19,5.467409444462801,3.635716218493541,139.43980490979507,168.1923381292915,139.43980490979507,168.1923381292915,79134.8761946114,36
2,20,5.467409444462801,3.6530287082844812,139.41132068634207,167.53679660772823,139.41132068634207,167.53679660772823,79268.82231647374,42
2,21,5.467409444462801,3.573333532437812,139.41132068634207,164.952532075085,139.41132068634207,164.952532075085,79679.49713846737,55
2,22,5.467409444462801,3.6462730910855403,139.41132068634207,165.2266077652816,139.41132068634207,165.2266077652816,79679.49713846737,60
2,23,5.467409444462801,3.617168750078077,139.41132068634207,164.36629463553282,139.41132068634207,164.36629463553282,79679.49713846737,60
2,24,5.467409444462801,3.7021732500594813,139.41132068634207,166.29459506257172,139.41132068634207,166.29459506257172,79679.49713846737,60
2,25,5.467409444462801,3.5921046639115692,139.41132068634207,163.56043799614383,139.41132068634207,163.56043799614383,80266.0069400567,60
2,26,5.467409444462801,3.5501530931346545,139.41132068634207,163.59717073985104,139.41132068634207,163.59717073985104,80266.0069400567,60
2,27,5.467409444462801,3.515410763933933,139.41132068634207,162.78767685546592,139.41132068634207,162.78767685546592,80266.0069400567,60
2,28,5.467409444462801,3.491901360178137,139.41132068634207,161.89781666816603,139.41132068634207,161.89781666816603,80266.0069400567,60
2,29,5.467409444462801,3.5065930322341443,139.41132068634207,162.50166725704065,139.41132068634207,162.50166725704065,80266.0069400567,60
2,30,5.467409444462801,3.4995404621086617,139.41132068634207,162.3049811766838,139.41132068634207,162.3049811766838,80548.80995329049,60
2,31,5.467409444462801,3.311570769104356,139.41132068634207,156.86751530953856,139.41132068634207,156.86751530953856,81170.47909906547,60
2,32,5.467409444462801,3.315444022332859,139.41132068634207,157.08419160244836,139.41132068634207,157.08419160244836,81170.47909906547,60
2,33,5.481749808577302,3.417408437990341,139.41132068634207,158.63286640480626,139.41132068634207,158.63286640480626,81775.56450156907,60
2,34,5.481749808577302,3.399055612518943,139.41132068634207,158.5105007650199,139.41132068634207,158.5105007650199,81775.56450156907,60
2,35,5.481749808577302,3.7000509215398,139.41132068634207,164.25864097234515,139.41132068634207,164.25864097234515,81888.47102721086,45
2,36,5.481749808577302,3.8382541431243626,139.41132068634207,166.5765563710555,139.41132068634207,166.5765563710555,81888.47102721086,56
2,37,5.481749808577302,3.7952418780822947,139.41132068634207,165.18022696446195,139.41132068634207,165.18022696446195,81888.47102721086,60
2,38,5.481749808577302,3.754253226986485,139.41132068634207,163.96138842670427,139.41132068634207,163.96138842670427,81888.47102721086,60
2,39,5.481749808577302,3.7179365398956166,139.41132068634207,163.41165754004288,139.41132068634207,163.41165754004288,81888.47102721086,60
2,40,5.481749808577302,3.6793534599716384,139.41132068634207,162.37821660640648,139.41132068634207,162.37821660640648,82843.47690248846,60
2,41,5.481749808577302,3.5590938329221644,139.41132068634207,160.10904793556236,139.41132068634207,160.10904793556236,82843.47690248846,60
2,42,5.481749808577302,3.5904959205351625,139.41132068634207,160.84016406956943,139.41132068634207,160.84016406956943,82843.47690248846,60
2,43,5.481749808577302,3.5063047244722885,139.41132068634207,159.81035761545652,139.41132068634207,159.81035761545652,84535.47035920045,60
2,44,5.481749808577302,3.5615795575177804,139.41132068634207,160.44768603149043,139.41132068634207,160.44768603149043,84535.47035920045,60
2,45,5.481749808577302,3.6227782492927387,139.41132068634207,161.71796639597002,139.41132068634207,161.71796639597002,84535.47035920045,60
2,46,5.481749808577302,3.5979178376438083,139.41132068634207,161.3667570610641,139.41132068634207,161.3667570610641,84819.2999478021,60
2,47,5.481749808577302,3.772932103493558,139.41132068634207,163.41327386480356,139.41132068634207,163.41327386480356,84819.2999478021,60
2,48,5.481749808577302,3.6911663105200274,139.41132068634207,162.2153391677373,139.41132068634207,162.2153391677373,86179.25386283462,60
2,49,5.481749808577302,3.7889003745392755,139.41132068634207,163.12981751418616,139.41132068634207,163.12981751418616,86276.31019657258,60
2,50,5.481749808577302,3.5033219954126795,139.41132068634207,157.09387895684756,139.41132068634207,157.09387895684756,86296.04008447682,60
2,51,5.481749808577302,3.4332561998244087,139.41132068634207,155.86329469823102,139.41132068634207,155.86329469823102,86296.04008447682,60
2,52,5.481749808577302,3.4371408880760494,139.41132068634207,156.4074948683334,139.41132068634207,156.4074948683334,86296.04008447682,60
2,53,5.481749808577302,3.5044599426505894,139.41132068634207,157.2603777196271,139.41132068634207,157.2603777196271,86296.04008447682,60
2,54,5.481749808577302,3.6629425462864855,139.41132068634207,160.55812174898043,139.41132068634207,160.55812174898043,92109.92882166163,24
2,55,5.481749808577302,3.749018921813428,139.41132068634207,161.37220118133848,139.41132068634207,161.37220118133848,92109.92882166163,26
2,56,5.481749808577302,3.850459547201638,139.41132068634207,161.0383939610388,139.41132068634207,161.0383939610388,92109.92882166163,33
2,57,5.481749808577302,3.984368976900503,139.41132068634207,164.26250610721056,139.41132068634207,164.26250610721056,92109.92882166163,36
2,58,5.481749808577302,4.200155541767945,139.41132068634207,168.0369146942256,139.41132068634207,168.0369146942256,92109.92882166163,44
2,59,5.481749808577302,4.135139696572296,139.41132068634207,166.74537748907912,139.41132068634207,166.74537748907912,92159.9001079979,55
2,60,5.481749808577302,3.9446047600586573,139.41132068634207,163.2641315052856,139.41132068634207,163.2641315052856,92159.9001079979,60
2,61,5.481749808577302,3.8870995431527318,139.41132068634207,161.5579289789391,139.41132068634207,161.5579289789391,92159.9001079979,60
2,62,5.481749808577302,3.9408680902156705,139.41132068634207,162.67865290214465,139.41132068634207,162.67865290214465,92159.9001079979,60
2,63,5.481749808577302,3.93837384835677,139.41132068634207,162.8464347618323,139.41132068634207,162.8464347618323,92159.9001079979,60
2,64,5.481749808577302,3.8945036146423977,139.41132068634207,162.45686509307336,139.41132068634207,162.45686509307336,92159.9001079979,60
2,65,5.481749808577302,3.8662159375517717,139.41132068634207,160.74479877411179,139.41132068634207,160.74479877411179,92159.9001079979,60
2,66,5.481749808577302,3.8803456322991092,139.41132068634207,160.30568490168443,139.41132068634207,160.30568490168443,92159.9001079979,60
2,67,5.481749808577302,3.885245471402824,139.41132068634207,160.35786766475337,139.41132068634207,160.35786766475337,92159.9001079979,60
2,68,5.481749808577302,3.756579164011072,139.41132068634207,159.92168552187266,139.41132068634207,159.92168552187266,92159.9001079979,60
2,69,5.481749808577302,3.7959155488895537,139.41132068634207,159.77390766212278,139.41132068634207,159.77390766212278,92159.9001079979,60
2,70,5.481749808577302,3.744753265554842,139.41132068634207,159.16871516330988,139.41132068634207,159.16871516330988,92159.9001079979,60
2,71,5.481749808577302,3.6620094736510747,139.41132068634207,157.4458789287887,139.41132068634207,157.4458789287887,92159.9001079979,60
2,72,5.481749808577302,3.6467058382828004,139.41132068634207,157.34688043138397,139.41132068634207,157.34688043138397,92159.9001079979,60
2,73,5.481749808577302,3.681015399858318,139.41132068634207,157.73115883332517,139.41132068634207,157.73115883332517,92159.9001079979,60
2,74,5.481749808577302,3.7266043603897665,139.41132068634207,158.45511098219222,139.41132068634207,158.45511098219222,92159.9001079979,60
2,75,5.481749808577302,3.696641490988241,139.41132068634207,156.8768273742063,139.41132068634207,156.8768273742063,92159.9001079979,60
2,76,5.481749808577302,3.6778944977119394,139.41132068634207,157.8309979339688,139.41132068634207,157.8309979339688,92159.9001079979,60
2,77,5.481749808577302,3.592379118295533,139.41132068634207,156.37336184213083,139.41132068634207,156.37336184213083,92159.9001079979,60
2,78,5.481749808577302,3.6055438996389286,139.41132068634207,157.14162026034504,139.41132068634207,157.14162026034504,92159.9001079979,60
2,79,5.481749808577302,3.6541051141664274,139.41132068634207,157.89593906816492,139.41132068634207,157.89593906816492,92159.9001079979,60
2,80,5.481749808577302,3.5113141380219446,139.41132068634207,156.5054774946455,139.41132068634207,156.5054774946455,92159.9001079979,60
2,81,5.481749808577302,3.60923703497574,139.41132068634207,157.25893367240218,139.41132068634207,157.25893367240218,92159.9001079979,60
2,82,5.481749808577302,3.628779470156233,139.41132068634207,156.9429749778227,139.41132068634207,156.9429749778227,92159.9001079979,60
2,83,5.481749808577302,3.533546286623737,139.41132068634207,155.65264600861477,139.41132068634207,155.65264600861477,92159.9001079979,60
2,84,5.481749808577302,3.384656577897629,139.41132068634207,153.9249064002816,139.41132068634207,153.9249064002816,92159.9001079979,60
2,85,5.481749808577302,3.4307235505662272,139.41132068634207,154.84700706778915,139.41132068634207,154.84700706778915,92159.9001079979,60
2,86,5.481749808577302,3.2775974959089025,139.41132068634207,151.881607072511,139.41132068634207,151.881607072511,92159.9001079979,60
2,87,5.481749808577302,3.358017564659195,139.41132068634207,153.6561513330436,139.41132068634207,153.6561513330436,92159.9001079979,60
2,88,5.481749808577302,3.3825408347554737,139.41132068634207,153.99258876461843,139.41132068634207,153.99258876461843,92159.9001079979,60
2,89,5.481749808577302,3.457184626685788,139.41132068634207,154.4765250338137,139.41132068634207,154.4765250338137,92159.9001079979,60
2,90,5.481749808577302,3.4231140711788455,139.41132068634207,154.19132089119273,139.41132068634207,154.19132089119273,92159.9001079979,60
2,91,5.481749808577302,3.5121215379304678,139.41132068634207,155.72861085034685,139.41132068634207,155.72861085034685,92159.9001079979,60
2,92,5.481749808577302,3.4233966117535966,139.41132068634207,154.75856034159676,139.41132068634207,154.75856034159676,92159.9001079979,60
2,93,5.481749808577302,3.4698295746900194,139.41132068634207,155.19549624366448,139.41132068634207,155.19549624366448,92159.9001079979,60
2,94,5.481749808577302,3.2711417998915224,139.41132068634207,152.36692784118728,139.41132068634207,152.36692784118728,92159.9001079979,60
2,95,5.481749808577302,3.376199614488421,139.41132068634207,153.50860523844568,139.41132068634207,153.50860523844568,92159.9001079979,60
2,96,5.481749808577302,3.222580585364024,139.41132068634207,151.61260903336736,139.41132068634207,151.61260903336736,92159.9001079979,60
2,97,5.481749808577302,3.2299746663266387,139.41132068634207,151.4970099367487,139.41132068634207,151.4970099367487,92159.9001079979,60
2,98,5.481749808577302,3.2588689153553974,139.41132068634207,151.49890888497885,139.41132068634207,151.49890888497885,92159.9001079979,60
2,99,5.481749808577302,3.2396489359365526,139.41132068634207,150.86153762303482,139.41132068634207,150.86153762303482,92159.9001079979,60
2,100,5.481749808577302,3.209512258923707,139.41132068634207,150.10637821197602,139.41132068634207,150.10637821197602,92159.9001079979,60
2,101,5.481749808577302,3.2772499183638746,139.41132068634207,151.0299030906562,139.41132068634207,151.0299030906562,92159.9001079979,60
2,102,5.481749808577302,3.3198549514752442,139.41132068634207,152.2839905261598,139.41132068634207,152.2839905261598,92159.9001079979,60
2,103,5.481749808577302,3.2947067581801988,139.41132068634207,151.19326739572577,139.41132068634207,151.19326739572577,92159.9001079979,60
2,104,5.481749808577302,3.3841636648927182,139.41132068634207,151.1929883735963,139.41132068634207,151.1929883735963,92159.9001079979,60
2,105,5.481749808577302,3.532882854913401,139.41132068634207,153.03680181560568,139.41132068634207,153.03680181560568,92159.9001079979,60
2,106,5.481749808577302,3.6185252185290553,139.41132068634207,153.9101988826836,139.41132068634207,153.9101988826836,92159.9001079979,60
2,107,5.481749808577302,3.600903054928319,139.41132068634207,154.52756614468993,139.41132068634207,154.52756614468993,92159.9001079979,60
2,108,5.481749808577302,3.6397464653397273,139.41132068634207,155.4491920751399,139.41132068634207,155.4491920751399,92159.9001079979,60
2,109,5.481749808577302,3.5578791111522223,139.41132068634207,154.96478106888708,139.41132068634207,154.96478106888708,92159.9001079979,60
2,110,5.481749808577302,3.357954103290652,139.41132068634207,152.04760993698105,139.41132068634207,152.04760993698105,92159.9001079979,60
2,111,5.481749808577302,3.2878927206970094,139.41132068634207,151.17579308431223,139.41132068634207,151.17579308431223,92159.9001079979,60
2,112,5.481749808577302,3.40193635887435,139.41132068634207,153.12049288982018,139.41132068634207,153.12049288982018,92159.9001079979,60
2,113,5.481749808577302,3.51522115764395,139.41132068634207,154.91683122764445,139.41132068634207,154.91683122764445,92159.9001079979,60
2,114,5.481749808577302,3.4332362051479226,139.41132068634207,153.34235646080694,139.41132068634207,153.34235646080694,92159.9001079979,60
2,115,5.481749808577302,3.4992167981858513,139.41132068634207,154.12799140169483,139.41132068634207,154.12799140169483,92159.9001079979,60
2,116,5.481749808577302,3.419546182952572,139.41132068634207,154.17611139419068,139.41132068634207,154.17611139419068,92159.9001079979,60
2,117,5.481749808577302,3.4193071768839975,139.41132068634207,154.07703713487044,139.41132068634207,154.07703713487044,92159.9001079979,60
2,118,5.481749808577302,3.4514199995052897,139.41132068634207,153.928784538063,139.41132068634207,153.928784538063,92159.9001079979,60
2,119,5.481749808577302,3.4097163569671562,139.41132068634207,153.66010523274042,139.41132068634207,153.66010523274042,92159.9001079979,60
2,120,5.481749808577302,3.3585540736324444,139.41132068634207,153.05491273392755,139.41132068634207,153.05491273392755,92159.9001079979,60
2,121,5.481749808577302,3.4784475019875183,139.41132068634207,154.991066660706,139.41132068634207,154.991066660706,92162.46230640015,60
2,122,5.481749808577302,3.464000377473139,139.41132068634207,154.99011718659085,139.41132068634207,154.99011718659085,92162.46230640015,60
2,123,5.481749808577302,3.2108533220489304,139.41132068634207,151.30506441311755,139.41132068634207,151.30506441311755,92162.46230640015,60
2,124,5.481749808577302,3.291639381067047,139.41132068634207,152.59444390821037,139.41132068634207,152.59444390821037,92162.46230640015,60
2,125,5.481749808577302,3.3651627032179183,139.41132068634207,153.19472832288164,139.41132068634207,153.19472832288164,92162.46230640015,60
2,126,5.481749808577302,3.439228164972969,139.41132068634207,154.30785584147281,139.41132068634207,154.30785584147281,92162.46230640015,60
2,127,5.481749808577302,3.365640715355068,139.41132068634207,153.33242251152353,139.41132068634207,153.33242251152353,92162.46230640015,60
2,128,5.481749808577302,3.358178147029304,139.41132068634207,153.2328735151458,139.41132068634207,153.2328735151458,92162.46230640015,60
2,129,5.481749808577302,3.4189312502808558,139.41132068634207,154.2549979160886,139.41132068634207,154.2549979160886,92162.46230640015,60
2,130,5.481749808577302,3.3834097900174216,139.41132068634207,153.2711924297359,139.41132068634207,153.2711924297359,92162.46230640015,60
2,131,5.481749808577302,3.325346400187168,139.41132068634207,151.71219523734177,139.41132068634207,151.71219523734177,92162.46230640015,60
2,132,5.481749808577302,3.3400325307701224,139.41132068634207,151.75176464077856,139.41132068634207,151.75176464077856,92162.46230640015,60
2,133,5.481749808577302,3.4396290444330835,139.41132068634207,153.69551497217142,139.41132068634207,153.69551497217142,92162.46230640015,60
2,134,5.481749808577302,3.4324054821758945,139.41132068634207,153.69504023511385,139.41132068634207,153.69504023511385,92162.46230640015,60
2,135,5.481749808577302,3.406200946568434,139.41132068634207,153.15626849543247,139.41132068634207,153.15626849543247,92162.46230640015,60
2,136,5.481749808577302,3.4062009465684344,139.41132068634207,153.09581416543384,139.41132068634207,153.09581416543384,92162.46230640015,60
2,137,5.481749808577302,3.377672687807499,139.41132068634207,152.60875045176383,139.41132068634207,152.60875045176383,92162.46230640015,60
2,138,5.481749808577302,3.3013955247683,139.41132068634207,152.23064424326444,139.41132068634207,152.23064424326444,92162.46230640015,60
2,139,5.481749808577302,3.289399107606644,139.41132068634207,151.59374771837787,139.41132068634207,151.59374771837787,92162.46230640015,60
2,140,5.481749808577302,3.3940525923505565,139.41132068634207,153.35662809339334,139.41132068634207,153.35662809339334,92162.46230640015,60
2,141,5.481749808577302,3.4801294335971846,139.41132068634207,153.89955415802928,139.41132068634207,153.89955415802928,92162.46230640015,60
2,142,5.481749808577302,3.4289671502624732,139.41132068634207,153.2943616592164,139.41132068634207,153.2943616592164,92162.46230640015,60
2,143,5.481749808577302,3.395655434163271,139.41132068634207,153.15751898427908,139.41132068634207,153.15751898427908,92162.46230640015,60
2,144,5.481749808577302,3.41010255867765,139.41132068634207,153.15846845839414,139.41132068634207,153.15846845839414,92162.46230640015,60
2,145,5.481749808577302,3.496630745900295,139.41132068634207,153.59598796839566,139.41132068634207,153.59598796839566,92162.46230640015,60
2,146,5.481749808577302,3.4933393250484905,139.41132068634207,153.81190090271548,139.41132068634207,153.81190090271548,92162.46230640015,60
2,147,5.481749808577302,3.713327436454612,139.41132068634207,157.3475134340852,139.41132068634207,157.3475134340852,92162.46230640015,60
2,148,5.481749808577302,3.697637883956146,139.41132068634207,156.59330349714153,139.41132068634207,156.59330349714153,92162.46230640015,60
2,149,5.481749808577302,3.9508534267435054,139.41132068634207,160.4330500336127,139.41132068634207,160.4330500336127,92162.46230640015,60
2,150,5.481749808577302,4.019599534093789,139.41132068634207,160.61736781273507,139.41132068634207,160.61736781273507,92162.46230640015,60
2,151,5.481749808577302,3.841343637402055,139.41132068634207,159.02569775661348,139.41132068634207,159.02569775661348,92162.46230640015,60
2,152,5.481749808577302,4.011416084427265,139.41132068634207,160.3704177332544,139.41132068634207,160.3704177332544,92162.46230640015,60
2,153,5.481749808577302,3.967081225303932,139.41132068634207,159.96013276162375,139.41132068634207,159.96013276162375,92162.46230640015,60
2,154,5.481749808577302,4.022695483383195,139.41132068634207,160.83100014017745,139.41132068634207,160.83100014017745,92162.46230640015,60
2,155,5.481749808577302,4.078724842675654,139.41132068634207,162.15207275087818,139.41132068634207,162.15207275087818,92162.46230640015,60
2,156,5.481749808577302,4.133326292948679,139.41132068634207,163.98260238126971,139.41132068634207,163.98260238126971,92162.46230640015,60
2,157,5.481749808577302,4.312227431577095,139.41132068634207,166.3633974856065,139.41132068634207,166.3633974856065,92162.46230640015,60
2,158,5.481749808577302,4.416643623556592,139.41132068634207,168.58377577266398,139.41132068634207,168.58377577266398,92162.46230640015,60
2,159,5.481749808577302,4.305715861531024,139.41132068634207,168.05353882957576,139.41132068634207,168.05353882957576,92162.46230640015,60
2,160,5.481749808577302,4.301182012695134,139.41132068634207,167.4557369710684,139.41132068634207,167.4557369710684,92162.46230640015,60
2,161,5.481749808577302,4.278830359769701,139.41132068634207,165.7863422698652,139.41132068634207,165.7863422698652,92162.46230640015,60
2,162,5.481749808577302,4.2576509341610445,139.41132068634207,164.21939642712903,139.41132068634207,164.21939642712903,92162.46230640015,60
2,163,5.481749808577302,4.13581998436299,139.41132068634207,161.9542224120129,139.41132068634207,161.9542224120129,92162.46230640015,60
2,164,5.481749808577302,4.111139582289476,139.41132068634207,161.79038336988577,139.41132068634207,161.79038336988577,92162.46230640015,60
2,165,5.481749808577302,4.015191759023027,139.41132068634207,163.38414339863547,139.41132068634207,163.38414339863547,92241.99946982916,54
2,166,5.481749808577302,3.9768919736911856,139.41132068634207,160.74142148801852,139.41132068634207,160.74142148801852,92241.99946982916,60
2,167,5.481749808577302,4.039281157497864,139.41132068634207,160.70335817968902,139.41132068634207,160.70335817968902,92241.99946982916,60
2,168,5.481749808577302,4.04290911955409,139.41132068634207,162.21909518627365,139.41132068634207,162.21909518627365,92241.99946982916,60
2,169,5.481749808577302,3.9765352958580618,139.41132068634207,161.0578412691576,139.41132068634207,161.0578412691576,92241.99946982916,60
2,170,5.481749808577302,3.970563547475685,139.41132068634207,160.13632420958376,139.41132068634207,160.13632420958376,92241.99946982916,60
2,171,5.481749808577302,3.9262588361303394,139.41132068634207,160.01677121326833,139.41132068634207,160.01677121326833,92241.99946982916,60
2,172,5.481749808577302,3.8840771814550563,139.41132068634207,159.54994338930524,139.41132068634207,159.54994338930524,92241.99946982916,60
2,173,5.481749808577302,3.7371618812486833,139.41132068634207,157.60513471292109,139.41132068634207,157.60513471292109,92241.99946982916,60
2,174,5.481749808577302,3.611067688969709,139.41132068634207,155.5420160180044,139.41132068634207,155.5420160180044,92241.99946982916,60
2,175,5.481749808577302,3.6110676889697095,139.41132068634207,155.54201601800443,139.41132068634207,155.54201601800443,92241.99946982916,60
2,176,5.481749808577302,3.489563132916483,139.41132068634207,154.2921240424138,139.41132068634207,154.2921240424138,92241.99946982916,60
2,177,5.481749808577302,3.450353732237251,139.41132068634207,153.85566287740363,139.41132068634207,153.85566287740363,92241.99946982916,60
2,178,5.481749808577302,3.498782767644488,139.41132068634207,154.52956297658392,139.41132068634207,154.52956297658392,92241.99946982916,60
2,179,5.481749808577302,3.545088746381661,139.41132068634207,155.5507379034117,139.41132068634207,155.5507379034117,92241.99946982916,60
2,180,5.481749808577302,3.529029816076779,139.41132068634207,155.17367884542784,139.41132068634207,155.17367884542784,92241.99946982916,60
2,181,5.481749808577302,3.4713107777399403,139.41132068634207,154.97211649640926,139.41132068634207,154.97211649640926,92715.5975516918,60
2,182,5.481749808577302,3.4384408527996206,139.41132068634207,154.2856646857179,139.41132068634207,154.2856646857179,92715.5975516918,60
2,183,5.481749808577302,3.6027755315164236,139.41132068634207,156.26178949517004,139.41132068634207,156.26178949517004,92715.5975516918,60
2,184,5.481749808577302,3.545242652307283,139.41132068634207,155.8838703754846,139.41132068634207,155.8838703754846,92715.5975516918,60
2,185,5.481749808577302,3.535037872076255,139.41132068634207,155.3382646164898,139.41132068634207,155.3382646164898,92715.5975516918,60
2,186,5.481749808577302,3.602521699428232,139.41132068634207,155.72339024191575,139.41132068634207,155.72339024191575,92715.5975516918,60
2,187,5.481749808577302,3.575161804849038,139.41132068634207,155.3436992447774,139.41132068634207,155.3436992447774,92715.5975516918,60
2,188,5.481749808577302,3.5138131540060944,139.41132068634207,152.83204306287908,139.41132068634207,152.83204306287908,92715.5975516918,60
2,189,5.481749808577302,3.464628666729709,139.41132068634207,152.11779538249513,139.41132068634207,152.11779538249513,92715.5975516918,60
2,190,5.481749808577302,3.399146243079867,139.41132068634207,150.9274143848071,139.41132068634207,150.9274143848071,92715.5975516918,60
2,191,5.481749808577302,3.35642647865293,139.41132068634207,150.065279973797,139.41132068634207,150.065279973797,92715.5975516918,60
2,192,5.481749808577302,3.4717125448143578,139.41132068634207,152.76324024213352,139.41132068634207,152.76324024213352,92715.5975516918,60
2,193,5.481749808577302,3.4740798024740083,139.41132068634207,153.17969740720594,139.41132068634207,153.17969740720594,92715.5975516918,60
2,194,5.481749808577302,3.58343042787016,139.41132068634207,154.19920932745697,139.41132068634207,154.19920932745697,92715.5975516918,60
2,195,5.481749808577302,3.4884598580500477,139.41132068634207,152.3117544268784,139.41132068634207,152.3117544268784,92715.5975516918,60
2,196,5.481749808577302,3.4234989810435312,139.41132068634207,151.76369796211858,139.41132068634207,151.76369796211858,92715.5975516918,60
2,197,5.481749808577302,3.558564775149866,139.41132068634207,153.6517364706309,139.41132068634207,153.6517364706309,92715.5975516918,60
2,198,5.481749808577302,3.5003999044219265,139.41132068634207,154.24809416127616,139.41132068634207,154.24809416127616,92715.5975516918,60
2,199,5.481749808577302,3.485476481074558,139.41132068634207,154.64203349308545,139.41132068634207,154.64203349308545,92715.5975516918,60
2,200,5.481749808577302,3.4914299530444457,139.41132068634207,155.21753117397554,139.41132068634207,155.21753117397554,92715.5975516918,60
3,1,3.5604777461403425,2.0960503094808383,168.44533941000498,217.1774524874517,168.44533941000498,217.1774524874517,31286.88417913771,8
3,2,3.5604777461403425,2.3362720838826876,159.68159842197701,203.5268507998652,159.68159842197701,203.5268507998652,38080.539589264896,9
3,3,3.5604777461403425,2.5247812476012896,148.14642687170752,198.4434204909954,148.14642687170752,198.4434204909954,45940.99018950094,17
3,4,4.410352782518047,2.638226725207566,142.3007304050459,190.2151467706534,142.3007304050459,190.2151467706534,54005.50930565523,14
3,5,4.410352782518047,2.775659760525192,142.1481325936997,185.508490471004,142.1481325936997,185.508490471004,56286.798337412794,12
3,6,4.410352782518047,2.9027622443537795,142.1481325936997,185.7683867389937,142.1481325936997,185.7683867389937,58959.79145377886,11
3,7,4.410352782518047,2.8633110511547,139.3632564765617,177.3376998232443,139.3632564765617,177.3376998232443,64528.01957563721,11
3,8,5.115797448102866,2.991016758764232,139.09481570763378,176.8335963868487,139.09481570763378,176.8335963868487,68952.24162393967,11
3,9,5.115797448102866,3.1715495724885296,139.09481570763378,177.68926694392277,139.09481570763378,177.68926694392277,70178.58508181517,14
3,10,5.115797448102866,3.332166935158454,139.09481570763378,178.67040159472214,139.09481570763378,178.67040159472214,71283.18501933129,22
3,11,5.115797448102866,3.2634958577667805,139.09481570763378,173.31899509238602,139.09481570763378,173.31899509238602,73792.8442291102,18
3,12,5.115797448102866,3.173609884568765,139.09481570763378,168.40573450816026,139.09481570763378,168.40573450816026,73935.22171106136,25
3,13,5.115797448102866,2.9503772360621885,139.09481570763378,158.93685116742387,139.09481570763378,158.93685116742387,76379.11974424287,22
3,14,5.115797448102866,3.1126490946553087,139.09481570763378,160.92322175350964,139.09481570763378,160.92322175350964,79239.809029833,29
3,15,5.115797448102866,3.024059664626045,139.09481570763378,155.32568722771333,139.09481570763378,155.32568722771333,80027.26863539584,30
3,16,5.115797448102866,3.0597444496070447,139.09481570763378,156.07396461982972,139.09481570763378,156.07396461982972,80027.26863539584,35
3,17,5.115797448102866,3.0617941812157694,139.09481570763378,155.5540924939215,139.09481570763378,155.5540924939215,80251.30746324164,42
3,18,5.115797448102866,2.97876591967232,139.09481570763378,154.53733356204185,139.09481570763378,154.53733356204185,80275.88178416529,51
3,19,5.115797448102866,2.736156847225959,139.09481570763378,149.56647810124028,139.09481570763378,149.56647810124028,80459.98087474181,60
3,20,5.115797448102866,2.9474682446180713,139.09481570763378,151.69552537119333,139.09481570763378,151.69552537119333,81094.9105009133,60
3,21,5.115797448102866,3.012495038211888,139.09481570763378,152.42806970259392,139.09481570763378,152.42806970259392,81204.07079142875,60
3,22,5.115797448102866,3.0341657249834575,139.09481570763378,152.50657913806998,139.09481570763378,152.50657913806998,81204.07079142875,60
3,23,5.115797448102866,3.083937904019704,139.09481570763378,152.81558837503331,139.09481570763378,152.81558837503331,81211.50255480123,60
3,24,5.115797448102866,3.118938890146677,139.09481570763378,153.20636183119626,139.09481570763378,153.20636183119626,81211.50255480123,60
3,25,5.115797448102866,3.0928925954684416,139.09481570763378,152.34173070856679,139.09481570763378,152.34173070856679,81583.25339574469,60
3,26,5.115797448102866,3.1157913313458008,139.09481570763378,153.07027224711646,139.09481570763378,153.07027224711646,81583.25339574469,60
3,27,5.115797448102866,3.096115154498938,139.09481570763378,152.61565284561058,139.09481570763378,152.61565284561058,81699.56179599362,60
3,28,5.115797448102866,3.05337477176568,139.09481570763378,151.98547899363314,139.09481570763378,151.98547899363314,81770.15001758312,60
3,29,5.115797448102866,3.2387355563270903,139.09481570763378,154.77820085342128,139.09481570763378,154.77820085342128,81770.15001758312,60
3,30,5.115797448102866,3.0577422811775476,139.09481570763378,150.34784198873356,139.09481570763378,150.34784198873356,83124.19333356929,59
3,31,5.115797448102866,3.0810293907176165,139.09481570763378,150.19953859473478,139.09481570763378,150.19953859473478,83124.19333356929,60
3,32,5.115797448102866,3.129574284046273,139.09481570763378,150.69395949954313,139.09481570763378,150.69395949954313,83124.19333356929,60
3,33,5.115797448102866,3.176729371373754,139.09481570763378,151.28364280223985,139.09481570763378,151.28364280223985,83124.19333356929,60
3,34,5.115797448102866,3.1698050557601314,139.09481570763378,151.28235713854045,139.09481570763378,151.28235713854045,83232.43279026296,60
3,35,5.115797448102866,3.145536942387836,139.09481570763378,150.73475875517184,139.09481570763378,150.73475875517184,83232.43279026296,60
3,36,5.115797448102866,3.181393219653209,139.09481570763378,150.85910280722493,139.09481570763378,150.85910280722493,83232.43279026296,60
3,37,5.115797448102866,3.2409735528807997,139.09481570763378,151.82338166782947,139.09481570763378,151.82338166782947,83232.43279026296,60
3,38,5.115797448102866,3.4017220313910617,139.09481570763378,153.58948859262574,139.09481570763378,153.58948859262574,83232.43279026296,60
3,39,5.115797448102866,3.3280304829152914,139.09481570763378,152.26569960018168,139.09481570763378,152.26569960018168,83318.946057013,60
3,40,5.115797448102866,3.2781958306614376,139.09481570763378,151.82834709291876,139.09481570763378,151.82834709291876,83318.946057013,60
3,41,5.115797448102866,3.1930794784862755,139.09481570763378,151.0365027587837,139.09481570763378,151.0365027587837,83385.2031582014,60
3,42,5.115797448102866,3.2275328325561645,139.09481570763378,151.39576707854567,139.09481570763378,151.39576707854567,83385.2031582014,60
3,43,5.115797448102866,3.321369562276821,139.09481570763378,152.4556339888717,139.09481570763378,152.4556339888717,83385.2031582014,60
3,44,5.115797448102866,3.1987259126705,139.09481570763378,150.92935049010856,139.09481570763378,150.92935049010856,83475.96106719848,60
3,45,5.115797448102866,3.23251385654971,139.09481570763378,151.29279231045157,139.09481570763378,151.29279231045157,83705.5858900091,60
3,46,5.115797448102866,3.3106750275426875,139.09481570763378,152.20252398426072,139.09481570763378,152.20252398426072,83705.5858900091,60
3,47,5.115797448102866,3.2874436084949283,139.09481570763378,151.6904302808319,139.09481570763378,151.6904302808319,83818.23924454104,60
3,48,5.115797448102866,3.3575570457278294,139.09481570763378,152.5831293243339,139.09481570763378,152.5831293243339,83818.23924454104,60
3,49,5.115797448102866,3.3869841285563713,139.09481570763378,153.06986725708845,139.09481570763378,153.06986725708845,83818.23924454104,60
3,50,5.115797448102866,3.415602866497023,139.09481570763378,153.45936659296663,139.09481570763378,153.45936659296663,83841.28042084824,60
3,51,5.115797448102866,3.395666464511369,139.09481570763378,153.46152788042622,139.09481570763378,153.46152788042622,83852.39447833977,60
3,52,5.115797448102866,3.503866700995539,139.09481570763378,154.22970862553115,139.09481570763378,154.22970862553115,83852.39447833977,60
3,53,5.115797448102866,3.5083411269831024,139.09481570763378,154.27690562293418,139.09481570763378,154.27690562293418,83852.39447833977,60
3,54,5.115797448102866,3.5005402339911185,139.09481570763378,154.04921887087778,139.09481570763378,154.04921887087778,83852.39447833977,60
3,55,5.115797448102866,3.5503189567129754,139.09481570763378,154.74555498266622,139.09481570763378,154.74555498266622,84017.25394800439,60
3,56,5.115797448102866,3.5282346132242974,139.09481570763378,154.1685981321554,139.09481570763378,154.1685981321554,84131.6803633928,60
3,57,5.115797448102866,3.49105646036544,139.09481570763378,153.58745385471937,139.09481570763378,153.58745385471937,84131.6803633928,60
3,58,5.115797448102866,3.4684300282918974,139.09481570763378,153.25115497182622,139.09481570763378,153.25115497182622,84131.6803633928,60
3,59,5.115797448102866,3.4148239278066037,139.09481570763378,152.76275805664537,139.09481570763378,152.76275805664537,84131.6803633928,60
3,60,5.115797448102866,3.5751160473155066,138.19716502465772,158.13087560024206,138.19716502465772,158.13087560024206,92024.62436126675,13
3,61,5.115797448102866,3.58672279485897,138.19716502465772,154.1082977264925,138.19716502465772,154.1082977264925,92024.62436126675,15
3,62,5.115797448102866,3.733378284159176,138.19716502465772,155.70875438886952,138.19716502465772,155.70875438886952,92024.62436126675,19
3,63,5.115797448102866,3.636429051512754,138.19716502465772,153.98887686075707,138.19716502465772,153.98887686075707,92024.62436126675,21
3,64,5.115797448102866,3.674278590076398,138.19716502465772,153.97359790944947,138.19716502465772,153.97359790944947,92024.62436126675,22
3,65,5.115797448102866,3.78360483235904,138.19716502465772,155.81495976725202,138.19716502465772,155.81495976725202,92024.62436126675,22
3,66,5.115797448102866,3.798112585437406,138.19716502465772,156.17557863691087,138.19716502465772,156.17557863691087,92024.62436126675,23
3,67,5.115797448102866,3.776347710579532,138.19716502465772,156.0980124905319,138.19716502465772,156.0980124905319,92024.62436126675,23
3,68,5.115797448102866,3.7963343679127006,138.19716502465772,156.0538845646143,138.19716502465772,156.0538845646143,92024.62436126675,24
3,69,5.115797448102866,3.832983855752814,138.19716502465772,156.08293473767787,138.19716502465772,156.08293473767787,92141.45874802988,22
3,70,5.115797448102866,3.7828549538548106,138.19716502465772,156.52218364670395,138.19716502465772,156.52218364670395,92141.45874802988,23
3,71,5.115797448102866,3.808638741968166,138.19716502465772,156.1668423481251,138.19716502465772,156.1668423481251,92141.45874802988,25
3,72,5.115797448102866,3.914656301970181,138.19716502465772,157.68862760816876,138.19716502465772,157.68862760816876,92141.45874802988,27
3,73,5.115797448102866,3.9967791551039324,138.19716502465772,158.65044392795292,138.19716502465772,158.65044392795292,92141.45874802988,27
3,74,5.115797448102866,4.042165622145194,138.19716502465772,158.4221997975732,138.19716502465772,158.4221997975732,92141.45874802988,29
3,75,5.115797448102866,4.054162039306849,138.19716502465772,158.68392170654485,138.19716502465772,158.68392170654485,92141.45874802988,29
3,76,5.115797448102866,4.214692162991452,138.19716502465772,160.7902042021488,138.19716502465772,160.7902042021488,92141.45874802988,31
3,77,5.115797448102866,4.248827025105643,138.19716502465772,161.2191213771285,138.19716502465772,161.2191213771285,92141.45874802988,31
3,78,5.115797448102866,4.284113834447237,138.19716502465772,161.7153209031339,138.19716502465772,161.7153209031339,92141.45874802988,32
3,79,5.115797448102866,4.319065278875294,138.19716502465772,162.13460168459696,138.19716502465772,162.13460168459696,92141.45874802988,33
3,80,5.115797448102866,4.32544887521034,138.19716502465772,162.1376751526336,138.19716502465772,162.1376751526336,92141.45874802988,33
3,81,5.115797448102866,4.323249609704206,138.19716502465772,162.04735969643096,138.19716502465772,162.04735969643096,92141.45874802988,34
3,82,5.115797448102866,4.323249609704206,138.19716502465772,162.04735969643096,138.19716502465772,162.04735969643096,92141.45874802988,34
3,83,5.115797448102866,4.320498085364242,138.19716502465772,161.51759737698387,138.19716502465772,161.51759737698387,92141.45874802988,35
3,84,5.115797448102866,4.314839406852787,138.19716502465772,160.92628193219468,138.19716502465772,160.92628193219468,92141.45874802988,36
3,85,5.115797448102866,4.314839406852787,138.19716502465772,160.91463991351424,138.19716502465772,160.91463991351424,92141.45874802988,36
3,86,5.115797448102866,4.314839406852786,138.19716502465772,160.9146399135142,138.19716502465772,160.9146399135142,92141.45874802988,36
3,87,5.115797448102866,4.314839406852787,138.19716502465772,160.9146399135142,138.19716502465772,160.9146399135142,92141.45874802988,36
3,88,5.115797448102866,4.314839406852787,138.19716502465772,160.91463991351424,138.19716502465772,160.91463991351424,92141.45874802988,36
3,89,5.115797448102866,4.5001766057701875,138.19716502465772,163.52116174313431,138.19716502465772,163.52116174313431,92141.45874802988,36
3,90,5.115797448102866,4.533531955303482,138.19716502465772,163.95731307690392,138.19716502465772,163.95731307690392,92141.45874802988,36
3,91,5.115797448102866,4.480046422241577,138.19716502465772,163.3248688673404,138.19716502465772,163.3248688673404,92141.45874802988,36
3,92,5.115797448102866,4.460616130713459,138.19716502465772,163.3619952651035,138.19716502465772,163.3619952651035,92141.45874802988,36
3,93,5.115797448102866,4.509484365246399,138.19716502465772,163.9258385456523,138.19716502465772,163.9258385456523,92141.45874802988,36
3,94,5.115797448102866,4.501385977906194,138.19716502465772,163.7497845569292,138.19716502465772,163.7497845569292,92141.45874802988,36
3,95,5.115797448102866,4.547481012293249,138.19716502465772,163.93877600198445,138.19716502465772,163.93877600198445,92141.45874802988,36
3,96,5.115797448102866,4.554465568481864,138.19716502465772,164.082629542129,138.19716502465772,164.082629542129,92141.45874802988,36
3,97,5.115797448102866,4.5548789272043075,138.19716502465772,164.41141326336117,138.19716502465772,164.41141326336117,92141.45874802988,36
3,98,5.115797448102866,4.53993997684441,138.19716502465772,164.045526188084,138.19716502465772,164.045526188084,92141.45874802988,36
3,99,5.115797448102866,4.53993997684441,138.19716502465772,164.045526188084,138.19716502465772,164.045526188084,92141.45874802988,36
3,100,5.115797448102866,4.526114857636103,138.19716502465772,163.56152005084508,138.19716502465772,163.56152005084508,92482.84437412489,31
3,101,5.115797448102866,4.507808340047693,138.19716502465772,163.5412676173012,138.19716502465772,163.5412676173012,92482.84437412489,32
3,102,5.115797448102866,4.5636611307692485,138.19716502465772,164.24896443799454,138.19716502465772,164.24896443799454,92482.84437412489,32
3,103,5.115797448102866,4.501592317219703,138.19716502465772,163.27836382531316,138.19716502465772,163.27836382531316,92482.84437412489,33
3,104,5.115797448102866,4.630603965768487,138.19716502465772,165.8306214948708,138.19716502465772,165.8306214948708,92482.84437412489,33
3,105,5.115797448102866,4.712100308542114,138.19716502465772,165.7464876699397,138.19716502465772,165.7464876699397,92482.84437412489,33
3,106,5.115797448102866,4.705901733518819,138.19716502465772,165.25762572375007,138.19716502465772,165.25762572375007,92482.84437412489,34
3,107,5.115797448102866,4.719052636810684,138.19716502465772,165.46166272617748,138.19716502465772,165.46166272617748,92482.84437412489,35
3,108,5.115797448102866,4.707295225717603,138.19716502465772,164.8982455824367,138.19716502465772,164.8982455824367,92482.84437412489,35
3,109,5.115797448102866,4.70488221223658,138.19716502465772,164.70671412537558,138.19716502465772,164.70671412537558,92482.84437412489,35
3,110,5.115797448102866,4.694416567236724,138.19716502465772,164.27344349324892,138.19716502465772,164.27344349324892,92482.84437412489,35
3,111,5.115797448102866,4.71094683323427,138.19716502465772,165.09718371891708,138.19716502465772,165.09718371891708,92482.84437412489,36
3,112,5.115797448102866,4.709655067141045,138.19716502465772,164.96703720730295,138.19716502465772,164.96703720730295,92482.84437412489,36
3,113,5.115797448102866,4.7037090114073665,138.19716502465772,164.48644440077769,138.19716502465772,164.48644440077769,92482.84437412489,36
3,114,5.115797448102866,4.699175162571476,138.19716502465772,164.16595505650173,138.19716502465772,164.16595505650173,92482.84437412489,36
3,115,5.115797448102866,4.700421172843327,138.19716502465772,164.36178675445828,138.19716502465772,164.36178675445828,92482.84437412489,36
3,116,5.115797448102866,4.7119177191675785,138.19716502465772,164.9718186475708,138.19716502465772,164.9718186475708,92482.84437412489,36
3,117,5.115797448102866,4.710625953074355,138.19716502465772,164.8416721359567,138.19716502465772,164.8416721359567,92482.84437412489,36
3,118,5.115797448102866,4.710625953074355,138.19716502465772,164.8416721359567,138.19716502465772,164.8416721359567,92482.84437412489,36
3,119,5.115797448102866,4.711249225823242,138.19716502465772,164.96084153018964,138.19716502465772,164.96084153018964,92482.84437412489,36
3,120,5.115797448102866,4.699513673430416,138.19716502465772,164.2517353777569,138.19716502465772,164.2517353777569,92482.84437412489,36
3,121,5.115797448102866,4.707633736576543,138.19716502465772,164.824785382023,138.19716502465772,164.824785382023,92482.84437412489,36
3,122,5.115797448102866,4.714618292765158,138.19716502465772,164.96863892216757,138.19716502465772,164.96863892216757,92482.84437412489,36
3,123,5.115797448102866,4.697926930984427,138.19716502465772,164.28711555173865,138.19716502465772,164.28711555173865,92482.84437412489,36
3,124,5.115797448102866,4.70488221223658,138.19716502465772,164.54747360370675,138.19716502465772,164.54747360370675,92482.84437412489,36
3,125,5.115797448102866,4.70576803584357,138.19716502465772,164.55998492323087,138.19716502465772,164.55998492323087,92482.84437412489,36
3,126,5.115797448102866,4.703451728926303,138.19716502465772,164.58325978354682,138.19716502465772,164.58325978354682,92482.84437412489,36
3,127,5.115797448102866,4.692010969991909,138.19716502465772,163.95185601138743,138.19716502465772,163.95185601138743,92482.84437412489,36
3,128,5.115797448102866,4.7061304438236276,138.19716502465772,164.42631310846983,138.19716502465772,164.42631310846983,92482.84437412489,36
3,129,5.115797448102866,4.708881968163592,138.19716502465772,164.7036248867861,138.19716502465772,164.7036248867861,92482.84437412489,36
3,130,5.115797448102866,4.7027832355819665,138.19716502465772,164.57228266616565,138.19716502465772,164.57228266616565,92482.84437412489,36
3,131,5.115797448102866,4.702860881672078,138.19716502465772,164.4052217784268,138.19716502465772,164.4052217784268,92482.84437412489,36
3,132,5.115797448102866,4.70488221223658,138.19716502465772,164.54747360370675,138.19716502465772,164.54747360370675,92482.84437412489,36
3,133,5.115797448102866,4.707287809481395,138.19716502465772,164.7098205638994,138.19716502465772,164.7098205638994,92482.84437412489,36
3,134,5.115797448102866,4.7061739783298036,138.19716502465772,164.67762011532085,138.19716502465772,164.67762011532085,92482.84437412489,36
3,135,5.115797448102866,4.6989068815664385,138.19716502465772,164.18338530900502,138.19716502465772,164.18338530900502,92482.84437412489,36
3,136,5.115797448102866,4.701274139226089,138.19716502465772,164.44060195240857,138.19716502465772,164.44060195240857,92482.84437412489,36
3,137,5.115797448102866,4.700036906163016,138.19716502465772,164.64114757791134,138.19716502465772,164.64114757791134,92482.84437412489,36
3,138,5.115797448102866,4.697669648503364,138.19716502465772,164.38393093450776,138.19716502465772,164.38393093450776,92482.84437412489,36
3,139,5.115797448102866,4.699151082556026,138.19716502465772,164.62863625838722,138.19716502465772,164.62863625838722,92482.84437412489,36
3,140,5.115797448102866,4.701556679800841,138.19716502465772,164.79098321857984,138.19716502465772,164.79098321857984,92482.84437412489,36
3,141,5.115797448102866,4.713415816999483,138.19716502465772,165.02411423106204,138.19716502465772,165.02411423106204,92482.84437412489,36
3,142,5.115797448102866,4.705295753853354,138.19716502465772,164.45106422679592,138.19716502465772,164.45106422679592,92482.84437412489,36
3,143,5.115797448102866,4.7041526477653015,138.19716502465772,164.5353682900409,138.19716502465772,164.5353682900409,92482.84437412489,36
3,144,5.115797448102866,4.693154076079962,138.19716502465772,163.86755194814245,138.19716502465772,163.86755194814245,92482.84437412489,36
3,145,5.115797448102866,4.693154076079962,138.19716502465772,163.86755194814245,138.19716502465772,163.86755194814245,92482.84437412489,36
3,146,5.115797448102866,4.708258695414703,138.19716502465772,164.58445549255313,138.19716502465772,164.58445549255313,92482.84437412489,36
3,147,5.115797448102866,4.7036413968857405,138.19716502465772,164.69781859581215,138.19716502465772,164.69781859581215,92482.84437412489,36
3,148,5.115797448102866,4.701620066321238,138.19716502465772,164.55556677053218,138.19716502465772,164.55556677053218,92482.84437412489,36
3,149,5.115797448102866,4.711866768425194,138.19716502465772,164.6913271438513,138.19716502465772,164.6913271438513,92482.84437412489,36
3,150,5.115797448102866,4.715910058858382,138.19716502465772,165.0987854337817,138.19716502465772,165.0987854337817,92482.84437412489,36
3,151,5.115797448102866,4.707317084417857,138.19716502465772,164.8927720104416,138.19716502465772,164.8927720104416,92482.84437412489,36
3,152,5.115797448102866,4.707317084417857,138.19716502465772,164.8927720104416,138.19716502465772,164.8927720104416,92482.84437412489,36
3,153,5.115797448102866,4.704565560077894,138.19716502465772,164.61546023212534,138.19716502465772,164.61546023212534,92482.84437412489,36
3,154,5.115797448102866,4.702544229513392,138.19716502465772,164.4732084068454,138.19716502465772,164.4732084068454,92482.84437412489,36
3,155,5.115797448102866,4.698053915183677,138.19716502465772,164.40402606942047,138.19716502465772,164.40402606942047,92482.84437412489,36
3,156,5.115797448102866,4.7008054395236405,138.19716502465772,164.68133784773673,138.19716502465772,164.68133784773673,92482.84437412489,36
3,157,5.115797448102866,4.709349413506334,138.19716502465772,165.1144089659874,138.19716502465772,165.1144089659874,92482.84437412489,36
3,158,5.115797448102866,4.704833841082931,138.19716502465772,164.59802997962205,138.19716502465772,164.59802997962205,92482.84437412489,36
3,159,5.115797448102866,4.6995353492363385,138.19716502465772,164.6487313932999,138.19716502465772,164.6487313932999,92482.84437412489,36
3,160,5.115797448102866,4.699919615916651,138.19716502465772,164.6688265282126,138.19716502465772,164.6688265282126,92482.84437412489,36
3,161,5.115797448102866,4.704264669634628,138.19716502465772,164.81698799004508,138.19716502465772,164.81698799004508,92482.84437412489,36
3,162,5.115797448102866,4.701919270675231,138.19716502465772,164.4140823379495,138.19716502465772,164.4140823379495,92482.84437412489,36
3,163,5.115797448102866,4.695905600419925,138.19716502465772,164.1448637264587,138.19716502465772,164.1448637264587,92482.84437412489,36
3,164,5.115797448102866,4.706519905424953,138.19716502465772,164.7925849334445,138.19716502465772,164.7925849334445,92482.84437412489,36
3,165,5.115797448102866,4.704264669634628,138.19716502465772,164.81698799004508,138.19716502465772,164.81698799004508,92482.84437412489,36
3,166,5.115797448102866,4.704025663566053,138.19716502465772,164.71791373072483,138.19716502465772,164.71791373072483,92482.84437412489,36
3,167,5.115797448102866,4.693538342760275,138.19716502465772,163.88764708305513,138.19716502465772,163.88764708305513,92482.84437412489,36
3,168,5.115797448102866,4.708642962095016,138.19716502465772,164.60455062746584,138.19716502465772,164.60455062746584,92482.84437412489,36
3,169,5.115797448102866,4.708903826863846,138.19716502465772,164.85739183645984,138.19716502465772,164.85739183645984,92482.84437412489,36
3,170,5.115797448102866,4.698627849823427,138.19716502465772,164.53868001659848,138.19716502465772,164.53868001659848,92482.84437412489,36
3,171,5.115797448102866,4.6958763254834635,138.19716502465772,164.26136823828222,138.19716502465772,164.26136823828222,92482.84437412489,36
3,172,5.115797448102866,4.6934707282386485,138.19716502465772,164.09902127808957,138.19716502465772,164.09902127808957,92482.84437412489,36
3,173,5.115797448102866,4.708903826863846,138.19716502465772,164.85739183645984,138.19716502465772,164.85739183645984,92482.84437412489,36
3,174,5.115797448102866,4.713415816999483,138.19716502465772,165.02411423106204,138.19716502465772,165.02411423106204,92482.84437412489,36
3,175,5.115797448102866,4.711550116266508,138.19716502465772,164.7593137722699,138.19716502465772,164.7593137722699,92482.84437412489,36
3,176,5.115797448102866,4.7070598019367935,138.19716502465772,164.690131434845,138.19716502465772,164.690131434845,92482.84437412489,36
3,177,5.115797448102866,4.702159962833079,138.19716502465772,164.4531132719327,138.19716502465772,164.4531132719327,92482.84437412489,36
3,178,5.115797448102866,4.701542420231126,138.19716502465772,164.42317169990528,138.19716502465772,164.42317169990528,92482.84437412489,36
3,179,5.115797448102866,4.69719736651315,138.19716502465772,164.2750102380728,138.19716502465772,164.2750102380728,92482.84437412489,36
3,180,5.115797448102866,4.706203253266266,138.19716502465772,164.56111560349734,138.19716502465772,164.56111560349734,92482.84437412489,36
3,181,5.115797448102866,4.696813099832837,138.19716502465772,164.25491510316013,138.19716502465772,164.25491510316013,92482.84437412489,36
3,182,5.115797448102866,4.700421172843327,138.19716502465772,164.36178675445828,138.19716502465772,164.36178675445828,92482.84437412489,36
3,183,5.115797448102866,4.710625953074355,138.19716502465772,164.8416721359567,138.19716502465772,164.8416721359567,92482.84437412489,36
3,184,5.115797448102866,4.71391737392616,138.19716502465772,165.0165304156735,138.19716502465772,165.0165304156735,92482.84437412489,36
3,185,5.115797448102866,4.7119177191675785,138.19716502465772,164.9718186475708,138.19716502465772,164.9718186475708,92482.84437412489,36
3,186,5.115797448102866,4.720016106507784,138.19716502465772,165.14787263629393,138.19716502465772,165.14787263629393,92482.84437412489,36
3,187,5.115797448102866,4.726037192999298,138.19716502465772,165.4462757446532,138.19716502465772,165.4462757446532,92482.84437412489,36
3,188,5.115797448102866,4.71752544693665,138.19716502465772,165.12340206697166,138.19716502465772,165.12340206697166,92482.84437412489,36
3,189,5.115797448102866,4.710540890748035,138.19716502465772,164.97954852682707,138.19716502465772,164.97954852682707,92482.84437412489,36
3,190,5.115797448102866,4.71663962332966,138.19716502465772,165.11089074744754,138.19716502465772,165.11089074744754,92482.84437412489,36
3,191,5.115797448102866,4.698868541981274,138.19716502465772,164.27825499221592,138.19716502465772,164.27825499221592,92482.84437412489,36
3,192,5.115797448102866,4.691031019409897,138.19716502465772,164.05558625412107,138.19716502465772,164.05558625412107,92482.84437412489,36
3,193,5.115797448102866,4.708258695414703,138.19716502465772,164.58445549255313,138.19716502465772,164.58445549255313,92482.84437412489,36
3,194,5.115797448102866,4.708642962095016,138.19716502465772,164.60455062746584,138.19716502465772,164.60455062746584,92482.84437412489,36
3,195,5.115797448102866,4.699252808661587,138.19716502465772,164.29835012712863,138.19716502465772,164.29835012712863,92482.84437412489,36
3,196,5.115797448102866,4.719052636810684,138.19716502465772,165.30242220450864,138.19716502465772,165.30242220450864,92482.84437412489,36
3,197,5.115797448102866,4.712251035105507,138.19716502465772,164.71142227876402,138.19716502465772,164.71142227876402,92482.84437412489,36
3,198,5.115797448102866,4.700493624012426,138.19716502465772,164.14800513502323,138.19716502465772,164.14800513502323,92482.84437412489,36
3,199,5.115797448102866,4.700493624012426,138.19716502465772,164.14800513502323,138.19716502465772,164.14800513502323,92482.84437412489,36
3,200,5.115797448102866,4.70488221223658,138.19716502465772,164.54747360370675,138.19716502465772,164.54747360370675,92482.84437412489,36
4,1,3.747184329324018,2.3053705518165524,172.69430694288314,219.63169732544122,172.69430694288314,219.63169732544122,32458.589063322,6
4,2,4.037358814815817,2.3554213366258385,152.7175306669055,204.32817280108554,152.7175306669055,204.32817280108554,43785.79317723871,8
4,3,4.037358814815817,2.636911006125677,152.7175306669055,200.22639319859272,152.7175306669055,200.22639319859272,45090.93401523678,14
4,4,4.056357944337026,2.6859881297045267,148.73577208807214,192.4734734073051,148.73577208807214,192.4734734073051,53382.42031938444,6
4,5,4.331349161038693,2.7103403043544265,148.73577208807214,185.03810390882953,148.73577208807214,185.03810390882953,55444.330209156135,6
4,6,4.331349161038693,2.80960526035949,148.73577208807214,183.97546988088646,148.73577208807214,183.97546988088646,56538.07451904215,7
4,7,4.331349161038693,2.8556087892913875,148.73577208807214,182.38820263312525,148.73577208807214,182.38820263312525,56648.92623575045,11
4,8,4.5321816555384045,2.8173273676898405,148.73577208807214,176.65594213659733,148.73577208807214,176.65594213659733,59686.31598248091,12
4,9,4.5321816555384045,2.8823628381766038,139.4860861034536,175.95238321212352,139.4860861034536,175.95238321212352,64059.3724093048,13
4,10,4.619767150342779,2.864132753354942,139.4860861034536,172.7482729623569,139.4860861034536,172.7482729623569,64564.894413311464,17
4,11,4.619767150342779,2.9117912878499874,139.4860861034536,170.26814524312084,139.4860861034536,170.26814524312084,64889.14359646439,23
4,12,4.619767150342779,2.8046795841333054,139.4860861034536,163.6235213658306,139.4860861034536,163.6235213658306,68106.9961591975,24
4,13,4.619767150342779,2.8698205251636058,139.4860861034536,161.9749409951355,139.4860861034536,161.9749409951355,72563.26590632473,25
4,14,4.619767150342779,2.936613579752882,139.4860861034536,161.11525178374453,139.4860861034536,161.11525178374453,73305.85369709379,26
4,15,4.619767150342779,2.761095004268183,139.4860861034536,155.36818474912295,139.4860861034536,155.36818474912295,73305.85369709379,37
4,16,4.619767150342779,2.660517779814714,139.4860861034536,153.66570534557246,139.4860861034536,153.66570534557246,73305.85369709379,48
4,17,4.619767150342779,2.5260228385255816,139.4860861034536,150.4781827250996,139.4860861034536,150.4781827250996,73586.11022619868,60
4,18,4.619767150342779,2.3560601859270487,139.4860861034536,148.34926350835087,139.4860861034536,148.34926350835087,73972.31625961917,60
4,19,4.619767150342779,2.354294421589763,139.4860861034536,148.29168273679707,139.4860861034536,148.29168273679707,73972.31625961917,60
4,20,4.619767150342779,2.398985711998585,139.4860861034536,148.62995533200228,139.4860861034536,148.62995533200228,73972.31625961917,60
4,21,4.619767150342779,2.616590608301757,139.08816792312302,151.64291362128358,139.08816792312302,151.64291362128358,76265.59129430821,33
4,22,4.619767150342779,2.8341757129557195,139.08816792312302,153.4898612086357,139.08816792312302,153.4898612086357,76601.0796625738,30
4,23,4.619767150342779,3.0132962982463813,139.08816792312302,155.39849822385975,139.08816792312302,155.39849822385975,76601.0796625738,36
4,24,4.619767150342779,3.0133018503928257,139.08816792312302,154.72461434259452,139.08816792312302,154.72461434259452,76601.0796625738,42
4,25,4.619767150342779,3.0818658323192376,139.08816792312302,154.73950499582435,139.08816792312302,154.73950499582435,76656.79782797252,50
4,26,4.619767150342779,3.073821063292627,139.08816792312302,153.82807063836972,139.08816792312302,153.82807063836972,76703.36570915661,60
4,27,4.619767150342779,3.0598730620387142,139.08816792312302,153.48858127823638,139.08816792312302,153.48858127823638,76704.98023517369,60
4,28,4.619767150342779,3.1066997009343753,139.08816792312302,153.7090756203255,139.08816792312302,153.7090756203255,77399.28172080348,60
4,29,4.619767150342779,3.098850432262088,139.08816792312302,153.4527702051327,139.08816792312302,153.4527702051327,77399.28172080348,60
4,30,4.619767150342779,3.147208838874454,139.08816792312302,154.17632934224517,139.08816792312302,154.17632934224517,77399.28172080348,60
4,31,4.619767150342779,3.1453093463485726,139.08816792312302,154.24686293678087,139.08816792312302,154.24686293678087,77699.85436950417,60
4,32,4.619767150342779,3.152701848411064,139.08816792312302,154.43054463356592,139.08816792312302,154.43054463356592,77699.85436950417,60
4,33,4.619767150342779,3.1522939025371874,139.08816792312302,154.26924908356267,139.08816792312302,154.26924908356267,77699.85436950417,60
4,34,4.619767150342779,3.2424532219976507,139.08816792312302,155.605033834132,139.08816792312302,155.605033834132,77755.7012473693,33
4,35,4.619767150342779,3.256562753812489,139.08816792312302,155.01956053687803,139.08816792312302,155.01956053687803,77827.61709635182,30
4,36,4.619767150342779,3.2917929156781023,139.08816792312302,154.27853285742427,139.08816792312302,154.27853285742427,77827.61709635182,38
4,37,4.619767150342779,3.3505866247079,139.08816792312302,155.07104946597272,139.08816792312302,155.07104946597272,77827.61709635182,41
4,38,4.619767150342779,3.3721830333462495,139.08816792312302,155.35587976603145,139.08816792312302,155.35587976603145,77827.61709635182,42
4,39,4.619767150342779,3.325796368077077,139.08816792312302,154.10607047702075,139.08816792312302,154.10607047702075,79653.91906679372,27
4,40,4.619767150342779,3.287396768973225,139.08816792312302,153.60465441241828,139.08816792312302,153.60465441241828,79653.91906679372,28
4,41,4.619767150342779,3.208025551303847,139.08816792312302,152.30540999157213,139.08816792312302,152.30540999157213,79769.226292941,30
4,42,4.619767150342779,3.2016565536332435,139.08816792312302,152.12612082991856,139.08816792312302,152.12612082991856,79769.226292941,33
4,43,4.619767150342779,3.1609348013125724,139.08816792312302,151.16978330347118,139.08816792312302,151.16978330347118,79769.226292941,39
4,44,4.619767150342779,3.136590316258121,139.08816792312302,150.39250428898342,139.08816792312302,150.39250428898342,79794.38545766605,39
4,45,4.619767150342779,3.132318716342009,139.08816792312302,150.1929832817847,139.08816792312302,150.1929832817847,79794.38545766605,41
4,46,4.619767150342779,3.124023244806158,139.08816792312302,150.069031953373,139.08816792312302,150.069031953373,79794.38545766605,42
4,47,4.619767150342779,3.123447926015458,139.08816792312302,149.9128522450431,139.08816792312302,149.9128522450431,79794.38545766605,44
4,48,4.619767150342779,3.043000823520248,139.08816792312302,148.38609213193894,139.08816792312302,148.38609213193894,79794.38545766605,48
4,49,4.619767150342779,2.9651853045741077,139.08816792312302,147.14736323570233,139.08816792312302,147.14736323570233,79794.38545766605,52
4,50,4.619767150342779,2.9217551276419065,139.08816792312302,146.24789663415115,139.08816792312302,146.24789663415115,79794.38545766605,56
4,51,4.619767150342779,2.9036349309633915,139.08816792312302,145.5402824234622,139.08816792312302,145.5402824234622,79794.38545766605,59
4,52,4.619767150342779,2.9191877283174437,139.08816792312302,146.61227490042018,139.08816792312302,146.61227490042018,80038.0869580358,44
4,53,4.619767150342779,2.928703856231776,139.08816792312302,146.75550319956034,139.08816792312302,146.75550319956034,80038.0869580358,47
4,54,4.619767150342779,2.945584579013809,139.08816792312302,146.85652084534055,139.08816792312302,146.85652084534055,80038.0869580358,51
4,55,4.619767150342779,2.903644073403441,139.08816792312302,145.94769585167234,139.08816792312302,145.94769585167234,80038.0869580358,52
4,56,4.619767150342779,2.8943760544386805,139.08816792312302,145.69610113410934,139.08816792312302,145.69610113410934,80038.0869580358,53
4,57,4.619767150342779,2.7846111182233133,139.08816792312302,143.56213781735653,139.08816792312302,143.56213781735653,80038.0869580358,58
4,58,4.619767150342779,2.7564197045849825,139.08816792312302,142.77484057069415,139.08816792312302,142.77484057069415,80042.69155205702,60
4,59,4.619767150342779,2.775006566638064,139.08816792312302,142.95054474768418,139.08816792312302,142.95054474768418,80042.69155205702,60
4,60,4.619767150342779,2.792301662597922,139.08816792312302,143.0819989722156,139.08816792312302,143.0819989722156,80042.69155205702,60
4,61,4.619767150342779,2.7869597660363956,139.08816792312302,143.07826069278195,139.08816792312302,143.07826069278195,80042.69155205702,60
4,62,4.619767150342779,2.772349850510109,139.08816792312302,142.9704583087484,139.08816792312302,142.9704583087484,80042.69155205702,60
4,63,4.619767150342779,2.775499448219439,139.08816792312302,142.8891837858409,139.08816792312302,142.8891837858409,80092.46160772393,60
4,64,4.619767150342779,2.7776245051047246,139.08816792312302,142.9079839112421,139.08816792312302,142.9079839112421,80092.46160772393,60
4,65,4.619767150342779,2.763014589578438,139.08816792312302,142.8001815272086,139.08816792312302,142.8001815272086,80092.46160772393,60
4,66,4.619767150342779,2.77272466600101,139.08816792312302,142.8753087021749,139.08816792312302,142.8753087021749,80092.46160772393,60
4,67,4.619767150342779,2.7784862602024036,139.08816792312302,142.9260994857468,139.08816792312302,142.9260994857468,80092.46160772393,60
4,68,4.619767150342779,2.778486260202403,139.08816792312302,142.9260994857468,139.08816792312302,142.9260994857468,80092.46160772393,60
4,69,4.619767150342779,2.78329649752126,139.08816792312302,142.96855145164585,139.08816792312302,142.96855145164585,80092.46160772393,60
4,70,4.619767150342779,2.7943491641606175,139.08816792312302,143.0555045468611,139.08816792312302,143.0555045468611,80092.46160772393,60
4,71,4.619767150342779,2.799249003264333,139.08816792312302,143.08817975592834,139.08816792312302,143.08817975592834,80092.46160772393,60
4,72,4.619767150342779,2.791272750392797,139.08816792312302,143.0283656037871,139.08816792312302,143.0283656037871,80092.46160772393,60
4,73,4.619767150342779,2.7881963366249756,139.08816792312302,143.00122666071306,139.08816792312302,143.00122666071306,80092.46160772393,60
4,74,4.619767150342779,2.823954181930794,139.08816792312302,143.43582539834014,139.08816792312302,143.43582539834014,80128.01439491728,60
4,75,4.619767150342779,2.823473346811687,139.08816792312302,143.44211505259588,139.08816792312302,143.44211505259588,80128.01439491728,60
4,76,4.619767150342779,2.8234733468116873,139.08816792312302,143.4421150525959,139.08816792312302,143.4421150525959,80128.01439491728,60
4,77,4.619767150342779,2.8474021054262955,139.08816792312302,143.6215575090196,139.08816792312302,143.6215575090196,80128.01439491728,60
4,78,4.619767150342779,2.8684707467766497,139.08816792312302,143.93176365529285,139.08816792312302,143.93176365529285,80168.36324519666,59
4,79,4.619767150342779,2.885404385456411,139.08816792312302,144.04547567587892,139.08816792312302,144.04547567587892,80168.36324519666,60
4,80,4.619767150342779,2.885404385456411,139.08816792312302,144.04547567587892,139.08816792312302,144.04547567587892,80168.36324519666,60
4,81,4.619767150342779,2.8915572129920544,139.08816792312302,144.0997535620269,139.08816792312302,144.0997535620269,80168.36324519666,60
4,82,4.619767150342779,2.895704361481423,139.08816792312302,144.1873794312254,139.08816792312302,144.1873794312254,80172.9869398835,60
4,83,4.619767150342779,2.8759227513561822,139.08816792312302,144.01393403937956,139.08816792312302,144.01393403937956,80172.9869398835,60
4,84,4.619767150342779,2.8744173701274898,139.08816792312302,143.96057775040092,139.08816792312302,143.96057775040092,80172.9869398835,60
4,85,4.619767150342779,2.8877937599203216,139.08816792312302,144.0479916442009,139.08816792312302,144.0479916442009,80172.9869398835,60
4,86,4.619767150342779,2.9001650663020433,139.08816792312302,144.07697378161367,139.08816792312302,144.07697378161367,80172.9869398835,60
4,87,4.619767150342779,2.911217732941402,139.08816792312302,144.10725446417797,139.08816792312302,144.10725446417797,80295.39425005575,60
4,88,4.619767150342779,2.9269178458877096,139.08816792312302,144.24504194050175,139.08816792312302,144.24504194050175,80295.39425005575,60
4,89,4.619767150342779,2.915865179248351,139.08816792312302,144.15808884528647,139.08816792312302,144.15808884528647,80295.39425005575,60
4,90,4.619767150342779,2.9153648814307696,139.08816792312302,144.163164312695,139.08816792312302,144.163164312695,80295.39425005575,60
4,91,4.619767150342779,2.920264720534484,139.08816792312302,144.1958395217622,139.08816792312302,144.1958395217622,80295.39425005575,60
4,92,4.619767150342779,2.9179409973810095,139.08816792312302,144.19537872317753,139.08816792312302,144.19537872317753,80295.39425005575,60
4,93,4.619767150342779,2.9019884916379364,139.08816792312302,144.07575041889504,139.08816792312302,144.07575041889504,80295.39425005575,60
4,94,4.619767150342779,2.913041158277294,139.08816792312302,144.16270351411032,139.08816792312302,144.16270351411032,80295.39425005575,60
4,95,4.619767150342779,2.920886331787772,139.08816792312302,144.18714933136573,139.08816792312302,144.18714933136573,80295.39425005575,60
4,96,4.619767150342779,2.9152338020697117,139.08816792312302,144.1277959778092,139.08816792312302,144.1277959778092,80295.39425005575,60
4,97,4.619767150342779,2.9175575252231862,139.08816792312302,144.12825677639387,139.08816792312302,144.12825677639387,80295.39425005575,60
4,98,4.619767150342779,2.9237103527588295,139.08816792312302,144.1825346625419,139.08816792312302,144.1825346625419,80295.39425005575,60
4,99,4.619767150342779,2.932439296244712,139.08816792312302,144.26902695917246,139.08816792312302,144.26902695917246,80295.39425005575,60
4,100,4.619767150342779,2.932439296244712,139.08816792312302,144.2690269591725,139.08816792312302,144.2690269591725,80295.39425005575,60
4,101,4.619767150342779,2.9342627215806045,139.08816792312302,144.27456322516568,139.08816792312302,144.27456322516568,80295.39425005575,60
4,102,4.619767150342779,2.936838837530844,139.08816792312302,144.30677763564822,139.08816792312302,144.30677763564822,80295.39425005575,60
4,103,4.619767150342779,2.9600149055311062,139.08816792312302,144.48449833955218,139.08816792312302,144.48449833955218,80295.39425005575,60
4,104,4.619767150342779,2.960767596145453,139.08816792312302,144.48622009207193,139.08816792312302,144.48622009207193,80295.39425005575,60
4,105,4.619767150342779,2.9584438729919778,139.08816792312302,144.48575929348723,139.08816792312302,144.48575929348723,80295.39425005575,60
4,106,4.619767150342779,2.9633437120956923,139.08816792312302,144.54339089452398,139.08816792312302,144.54339089452398,80295.39425005575,60
4,107,4.619767150342779,2.94996732230286,139.08816792312302,144.45597700072403,139.08816792312302,144.45597700072403,80295.39425005575,60
4,108,4.619767150342779,2.941991069431323,139.08816792312302,144.3961628485828,139.08816792312302,144.3961628485828,80295.39425005575,60
4,109,4.619767150342779,2.944314792584799,139.08816792312302,144.3966236471675,139.08816792312302,144.3966236471675,80295.39425005575,60
4,110,4.619767150342779,2.942491367248906,139.08816792312302,144.36613098920472,139.08816792312302,144.36613098920472,80295.39425005575,60
4,111,4.619767150342779,2.9424913672489064,139.08816792312302,144.36613098920478,139.08816792312302,144.36613098920478,80295.39425005575,60
4,112,4.619767150342779,2.9281098940449612,139.08816792312302,144.22028533901764,139.08816792312302,144.22028533901764,80295.39425005575,60
4,113,4.619767150342779,2.9250334802771394,139.08816792312302,144.19314639594364,139.08816792312302,144.19314639594364,80295.39425005575,60
4,114,4.619767150342779,2.9208863317877722,139.08816792312302,144.18714933136576,139.08816792312302,144.18714933136576,80295.39425005575,60
4,115,4.619767150342779,2.920886331787772,139.08816792312302,144.2121057233353,139.08816792312302,144.2121057233353,80295.39425005575,60
4,116,4.619767150342779,2.9178099180199504,139.08816792312302,144.1849667802613,139.08816792312302,144.1849667802613,80295.39425005575,60
4,117,4.619767150342779,2.9239627455555937,139.08816792312302,144.2392446664093,139.08816792312302,144.2392446664093,80295.39425005575,60
4,118,4.619767150342779,2.9262864687090686,139.08816792312302,144.21474907302445,139.08816792312302,144.21474907302445,80295.39425005575,60
4,119,4.619767150342779,2.92371035275883,139.08816792312302,144.1825346625419,139.08816792312302,144.1825346625419,80295.39425005575,60
4,120,4.619767150342779,2.9298631802944723,139.08816792312302,144.23681254868995,139.08816792312302,144.23681254868995,80295.39425005575,60
4,121,4.619767150342779,2.930615870908819,139.08816792312302,144.26349069317928,139.08816792312302,144.26349069317928,80295.39425005575,60
4,122,4.619767150342779,2.948391801987784,139.08816792312302,144.41361165542452,139.08816792312302,144.41361165542452,80295.39425005575,60
4,123,4.619767150342779,2.9476391113734377,139.08816792312302,144.3869335109352,139.08816792312302,144.3869335109352,80295.39425005575,60
4,124,4.619767150342779,2.946068078834309,139.08816792312302,144.4131508568398,139.08816792312302,144.4131508568398,80295.39425005575,60
4,125,4.619767150342779,2.945815686037545,139.08816792312302,144.38139724494198,139.08816792312302,144.38139724494198,80295.39425005575,60
4,126,4.619767150342779,2.939662858501902,139.08816792312302,144.32711935879394,139.08816792312302,144.32711935879394,80295.39425005575,60
4,127,4.619767150342779,2.92936288247689,139.08816792312302,144.26684440806804,139.08816792312302,144.26684440806804,80295.39425005575,60
4,128,4.619767150342779,2.9190629064518787,139.08816792312302,144.18161306537252,139.08816792312302,144.18161306537252,80295.39425005575,60
4,129,4.619767150342779,2.9198155970662256,139.08816792312302,144.20829120986184,139.08816792312302,144.20829120986184,80295.39425005575,60
4,130,4.619767150342779,2.916739183298404,139.08816792312302,144.18115226678782,139.08816792312302,144.18115226678782,80295.39425005575,60
4,131,4.619767150342779,2.9221393202197006,139.08816792312302,144.20875200844654,139.08816792312302,144.20875200844654,80295.39425005575,60
4,132,4.619767150342779,2.916739183298404,139.08816792312302,144.18115226678782,139.08816792312302,144.18115226678782,80295.39425005575,60
4,133,4.619767150342779,2.9334443796558225,139.08816792312302,144.32745871555963,139.08816792312302,144.32745871555963,80295.39425005575,60
4,134,4.619767150342779,2.932691689041476,139.08816792312302,144.3007805710703,139.08816792312302,144.3007805710703,80295.39425005575,60
4,135,4.619767150342779,2.919315299248644,139.08816792312302,144.21336667727033,139.08816792312302,144.21336667727033,80295.39425005575,60
4,136,4.619767150342779,2.922391713016465,139.08816792312302,144.24050562034438,139.08816792312302,144.24050562034438,80295.39425005575,60
4,137,4.619767150342779,2.94745803222017,139.08816792312302,144.60755413617915,139.08816792312302,144.60755413617915,80319.646558547,60
4,138,4.619767150342779,2.9717716608095297,139.08816792312302,144.92296811555505,139.08816792312302,144.92296811555505,80319.646558547,60
4,139,4.619767150342779,2.9805006042954125,139.08816792312302,145.03441680415517,139.08816792312302,145.03441680415517,80319.646558547,60
4,140,4.619767150342779,2.9884768571669493,139.08816792312302,145.0942309562964,139.08816792312302,145.0942309562964,80319.646558547,60
4,141,4.619767150342779,2.983577018063234,139.08816792312302,145.06155574722916,139.08816792312302,145.06155574722916,80319.646558547,60
4,142,4.619767150342779,2.983577018063234,139.08816792312302,145.0615557472292,139.08816792312302,145.0615557472292,80319.646558547,60
4,143,4.619767150342779,2.9866534318310562,139.08816792312302,145.08869469030319,139.08816792312302,145.08869469030319,80319.646558547,60
4,144,4.619767150342779,2.9915532709347703,139.08816792312302,145.12136989937042,139.08816792312302,145.12136989937042,80319.646558547,60
4,145,4.619767150342779,2.973024649241458,139.08816792312302,144.9695271846054,139.08816792312302,144.9695271846054,80319.646558547,60
4,146,4.619767150342779,2.9840773158808163,139.08816792312302,145.05648027982068,139.08816792312302,145.05648027982068,80319.646558547,60
4,147,4.619767150342779,2.965300789166687,139.08816792312302,144.8915538604229,139.08816792312302,144.8915538604229,80319.646558547,60
4,148,4.619767150342779,2.9629770660132118,139.08816792312302,144.89109306183818,139.08816792312302,144.89109306183818,80319.646558547,60
4,149,4.619767150342779,2.960653342859736,139.08816792312302,144.89063226325348,139.08816792312302,144.89063226325348,80319.646558547,60
4,150,4.619767150342779,2.9601530450421545,139.08816792312302,144.87075133869246,139.08816792312302,144.87075133869246,80319.646558547,60
4,151,4.619767150342779,2.9704530210671654,139.08816792312302,144.93102628941836,139.08816792312302,144.93102628941836,80319.646558547,60
4,152,4.619767150342779,2.9830767202456516,139.08816792312302,145.01671843069855,139.08816792312302,145.01671843069855,80319.646558547,60
4,153,4.619767150342779,2.983829410859998,139.08816792312302,145.04339657518787,139.08816792312302,145.04339657518787,80319.646558547,60
4,154,4.619767150342779,2.975853157988462,139.08816792312302,144.98358242304667,139.08816792312302,144.98358242304667,80319.646558547,60
4,155,4.619767150342779,2.975100467374116,139.08816792312302,144.95690427855735,139.08816792312302,144.95690427855735,80319.646558547,60
4,156,4.619767150342779,2.9640478007347584,139.08816792312302,144.86995118334207,139.08816792312302,144.86995118334207,80319.646558547,60
4,157,4.619767150342779,2.959147961631044,139.08816792312302,144.83727597427486,139.08816792312302,144.83727597427486,80319.646558547,60
4,158,4.619767150342779,2.977424190527591,139.08816792312302,144.9823214691116,139.08816792312302,144.9823214691116,80319.646558547,60
4,159,4.619767150342779,2.977424190527591,139.08816792312302,144.98232146911158,139.08816792312302,144.98232146911158,80319.646558547,60
4,160,4.619767150342779,2.992624005656317,139.08816792312302,145.1002280208743,139.08816792312302,145.1002280208743,80319.646558547,60
4,161,4.619767150342779,2.9751004673741153,139.08816792312302,144.95690427855735,139.08816792312302,144.95690427855735,80319.646558547,60
4,162,4.619767150342779,2.975100467374116,139.08816792312302,144.95690427855737,139.08816792312302,144.95690427855737,80319.646558547,60
4,163,4.619767150342779,2.973277042038222,139.08816792312302,144.95136801256413,139.08816792312302,144.95136801256413,80319.646558547,60
4,164,4.619767150342779,2.9683772029345077,139.08816792312302,144.91869280349692,139.08816792312302,144.91869280349692,80319.646558547,60
4,165,4.619767150342779,2.9668061703953796,139.08816792312302,144.94491014940152,139.08816792312302,144.94491014940152,80319.646558547,60
4,166,4.619767150342779,2.9403012958305315,139.08816792312302,144.70829689052573,139.08816792312302,144.70829689052573,80319.646558547,60
4,167,4.619767150342779,2.940301295830532,139.08816792312302,144.70829689052576,139.08816792312302,144.70829689052576,80319.646558547,60
4,168,4.619767150342779,2.948529941498832,139.08816792312302,144.7998646545648,139.08816792312302,144.7998646545648,80319.646558547,60
4,169,4.619767150342779,2.942377113963189,139.08816792312302,144.74558676841676,139.08816792312302,144.74558676841676,80319.646558547,60
4,170,4.619767150342779,2.9472769530669036,139.08816792312302,144.778261977484,139.08816792312302,144.778261977484,80319.646558547,60
4,171,4.619767150342779,2.9362242864275467,139.08816792312302,144.69130888226877,139.08816792312302,144.69130888226877,80319.646558547,60
4,172,4.619767150342779,2.941124125531261,139.08816792312302,144.72398409133595,139.08816792312302,144.72398409133595,80319.646558547,60
4,173,4.619767150342779,2.9442005392990827,139.08816792312302,144.75112303440997,139.08816792312302,144.75112303440997,80319.646558547,60
4,174,4.619767150342779,2.960905735656501,139.08816792312302,144.89742948318178,139.08816792312302,144.89742948318178,80319.646558547,60
4,175,4.619767150342779,2.967376607299344,139.08816792312302,144.92884373831393,139.08816792312302,144.92884373831393,80319.646558547,60
4,176,4.619767150342779,2.978429273938702,139.08816792312302,145.04075322549878,139.08816792312302,145.04075322549878,80319.646558547,60
4,177,4.619767150342779,2.9761055507852268,139.08816792312302,145.01533603494448,139.08816792312302,145.01533603494448,80319.646558547,60
4,178,4.619767150342779,2.9810053898889413,139.08816792312302,145.04801124401172,139.08816792312302,145.04801124401172,80319.646558547,60
4,179,4.619767150342779,2.9913053659139526,139.08816792312302,145.10828619473762,139.08816792312302,145.10828619473762,80319.646558547,60
4,180,4.619767150342779,2.988729249963713,139.08816792312302,145.0760717842551,139.08816792312302,145.0760717842551,80319.646558547,60
4,181,4.619767150342779,2.9830767202456516,139.08816792312302,145.01671843069855,139.08816792312302,145.01671843069855,80319.646558547,60
4,182,4.619767150342779,2.9869058246278195,139.08816792312302,145.0705355182619,139.08816792312302,145.0705355182619,80319.646558547,60
4,183,4.619767150342779,2.98690582462782,139.08816792312302,145.07053551826192,139.08816792312302,145.07053551826192,80319.646558547,60
4,184,4.619767150342779,2.97402973265257,139.08816792312302,144.9530897650839,139.08816792312302,144.9530897650839,80319.646558547,60
4,185,4.619767150342779,2.98125329490976,139.08816792312302,145.0111821647054,139.08816792312302,145.0111821647054,80319.646558547,60
4,186,4.619767150342779,2.975100467374116,139.08816792312302,144.95690427855735,139.08816792312302,144.95690427855735,80319.646558547,60
4,187,4.619767150342779,2.9800003064778307,139.08816792312302,144.98957948762458,139.08816792312302,144.98957948762458,80319.646558547,60
4,188,4.619767150342779,2.9743477767597692,139.08816792312302,144.93022613406805,139.08816792312302,144.93022613406805,80319.646558547,60
4,189,4.619767150342779,2.966623916684997,139.08816792312302,144.9021655938246,139.08816792312302,144.9021655938246,80319.646558547,60
4,190,4.619767150342779,2.9480952949916857,139.08816792312302,144.7503228790596,139.08816792312302,144.7503228790596,80319.646558547,60
4,191,4.619767150342779,2.950419018145161,139.08816792312302,144.77574006961385,139.08816792312302,144.77574006961385,80319.646558547,60
4,192,4.619767150342779,2.958395271016697,139.08816792312302,144.8355542217551,139.08816792312302,144.8355542217551,80319.646558547,60
4,193,4.619767150342779,2.958395271016697,139.08816792312302,144.8355542217551,139.08816792312302,144.8355542217551,80319.646558547,60
4,194,4.619767150342779,2.9560715478632225,139.08816792312302,144.81013703120087,139.08816792312302,144.81013703120087,80319.646558547,60
4,195,4.619767150342779,2.9450188812238642,139.08816792312302,144.7231839359856,139.08816792312302,144.7231839359856,80319.646558547,60
4,196,4.619767150342779,2.950671410941925,139.08816792312302,144.78253728954215,139.08816792312302,144.78253728954215,80319.646558547,60
4,197,4.619767150342779,2.949918720327579,139.08816792312302,144.75585914505285,139.08816792312302,144.75585914505285,80319.646558547,60
4,198,4.619767150342779,2.9450188812238642,139.08816792312302,144.72318393598562,139.08816792312302,144.72318393598562,80319.646558547,60
4,199,4.619767150342779,2.937042628352328,139.08816792312302,144.66336978384436,139.08816792312302,144.66336978384436,80319.646558547,60
4,200,4.619767150342779,2.9386136608914564,139.08816792312302,144.6621088299093,139.08816792312302,144.6621088299093,80319.646558547,60
5,1,3.4517732314872873,2.1348113760330008,157.45487962416712,216.2558580354781,157.45487962416712,216.2558580354781,40705.31475037077,4
5,2,3.863227550849229,2.398470412508673,157.45487962416712,207.4817734785255,157.45487962416712,207.4817734785255,47282.75462093252,4
5,3,3.863227550849229,2.6507370192957422,157.45487962416712,201.42774208881545,157.45487962416712,201.42774208881545,48309.41534519973,5
5,4,4.079711931478687,2.8760404857209236,153.1873739292333,197.3122716561975,153.1873739292333,197.3122716561975,51839.116436542194,6
5,5,4.079711931478687,2.860210505294662,153.1873739292333,191.16149396343104,153.1873739292333,191.16149396343104,52900.04970193445,8
5,6,4.079711931478687,2.9637981423820414,146.48399962081695,188.30268179705178,146.48399962081695,188.30268179705178,56351.71319064394,11
5,7,4.079711931478687,3.0405421329919404,146.48399962081695,185.57802674094918,146.48399962081695,185.57802674094918,56351.71319064394,13
5,8,4.079711931478687,2.9523346731301974,146.48399962081695,180.2292372813799,146.48399962081695,180.2292372813799,56747.88746710096,15
5,9,4.079711931478687,2.8638108669019986,146.48399962081695,173.88340198120792,146.48399962081695,173.88340198120792,57363.629045369285,19
5,10,4.079711931478687,2.8267827018707568,146.48399962081695,169.42607453012235,146.48399962081695,169.42607453012235,57368.24947469515,24
5,11,4.079711931478687,2.8406492771646024,146.48399962081695,167.99948989883458,146.48399962081695,167.99948989883458,58403.12128343221,22
5,12,4.157217897072105,2.813044926696458,146.48399962081695,163.57873918355193,146.48399962081695,163.57873918355193,60492.75095846081,26
5,13,4.157217897072105,2.733854947874676,146.48399962081695,160.4188745261004,146.48399962081695,160.4188745261004,61535.42249056061,28
5,14,4.157217897072105,2.7549290150028667,146.48399962081695,159.63222213220723,146.48399962081695,159.63222213220723,62838.8784895913,21
5,15,4.157217897072105,2.787859742059198,146.48399962081695,159.9852053842804,146.48399962081695,159.9852053842804,63059.48653967574,23
5,16,4.157217897072105,2.6981186595885287,146.48399962081695,156.9909921890941,146.48399962081695,156.9909921890941,63415.2592475598,28
5,17,4.157217897072105,2.5953085932352082,146.48399962081695,153.08651877275514,146.48399962081695,153.08651877275514,65300.35217144632,31
5,18,4.157217897072105,2.6661601324189914,144.7743165218607,153.98179755770215,144.7743165218607,153.98179755770215,66515.85212163882,15
5,19,4.157217897072105,2.629027775651703,144.7743165218607,152.6891602294573,144.7743165218607,152.6891602294573,66515.85212163882,15
5,20,4.157217897072105,2.6704962221591804,144.7743165218607,152.98243226344528,144.7743165218607,152.98243226344528,66515.85212163882,17
5,21,4.157217897072105,2.724205209391632,144.7743165218607,153.2661230257311,144.7743165218607,153.2661230257311,66515.85212163882,18
5,22,4.157217897072105,2.958689806602566,144.44169976343383,156.90794840439133,144.44169976343383,156.90794840439133,68154.56114583783,7
5,23,4.157217897072105,2.911031989519186,144.44169976343383,154.75631290293367,144.44169976343383,154.75631290293367,70066.84946944586,4
5,24,4.157217897072105,2.9538278614454025,144.44169976343383,155.23731855639045,144.44169976343383,155.23731855639045,70066.84946944586,4
5,25,4.157217897072105,2.9428623308036133,144.44169976343383,154.62591701058147,144.44169976343383,154.62591701058147,70066.84946944586,4
5,26,4.157217897072105,2.9201314677711876,144.44169976343383,153.827059074905,144.44169976343383,153.827059074905,70066.84946944586,4
5,27,4.157217897072105,2.8970356550084224,144.44169976343383,152.91247654785028,144.44169976343383,152.91247654785028,70334.853024786,4
5,28,4.157217897072105,2.8586189483841187,144.44169976343383,152.23710167171342,144.44169976343383,152.23710167171342,70334.853024786,4
5,29,4.157217897072105,2.8584287613300408,144.44169976343383,152.4745718076888,144.44169976343383,152.4745718076888,70334.853024786,4
5,30,4.157217897072105,2.825797717416442,144.44169976343383,151.54012682289746,144.44169976343383,151.54012682289746,70334.853024786,5
5,31,4.157217897072105,2.871345113682622,144.44169976343383,151.73422185661414,144.44169976343383,151.73422185661414,70413.05054597916,6
5,32,4.157217897072105,2.8915779009077056,144.44169976343383,151.7707039168465,144.44169976343383,151.7707039168465,70413.05054597916,6
5,33,4.157217897072105,2.891577900907706,144.44169976343383,151.76899373424578,144.44169976343383,151.76899373424578,70413.05054597916,6
5,34,4.157217897072105,2.923895874950384,144.44169976343383,152.02871905106178,144.44169976343383,152.02871905106178,70413.05054597916,6
5,35,4.157217897072105,2.923895874950384,144.44169976343383,152.02871905106178,144.44169976343383,152.02871905106178,70413.05054597916,6
5,36,4.157217897072105,2.9631984051816773,144.44169976343383,152.35414327935868,144.44169976343383,152.35414327935868,70413.05054597916,6
5,37,4.157217897072105,2.9780168399267475,144.44169976343383,152.46308803537053,144.44169976343383,152.46308803537053,70413.05054597916,6
5,38,4.157217897072105,2.9780168399267475,144.44169976343383,152.46308803537056,144.44169976343383,152.46308803537056,70413.05054597916,6
5,39,4.157217897072105,2.9841265710323466,144.44169976343383,152.519235099605,144.44169976343383,152.519235099605,70413.05054597916,6
5,40,4.157217897072105,2.9841265710323466,144.44169976343383,152.519235099605,144.44169976343383,152.519235099605,70413.05054597916,6
5,41,4.157217897072105,2.9841265710323466,144.44169976343383,152.519235099605,144.44169976343383,152.519235099605,70413.05054597916,6
5,42,4.157217897072105,2.976903008775157,144.44169976343383,152.51783106899953,144.44169976343383,152.51783106899953,70413.05054597916,6
5,43,4.157217897072105,2.937752782563955,144.44169976343383,152.47057066299948,144.44169976343383,152.47057066299948,70413.05054597916,6
5,44,4.157217897072105,2.905195802452702,144.44169976343383,151.4252811039867,144.44169976343383,151.4252811039867,70413.05054597916,6
5,45,4.157217897072105,2.934628921444038,144.44169976343383,153.087305154485,144.44169976343383,153.087305154485,71875.24543818425,5
5,46,4.157217897072105,2.930973606597751,144.44169976343383,152.01542847854333,144.44169976343383,152.01542847854333,71875.24543818425,5
5,47,4.157217897072105,2.8722804532003328,144.44169976343383,151.43674798901506,144.44169976343383,151.43674798901506,71875.24543818425,5
5,48,4.157217897072105,2.8722804532003328,144.44169976343383,151.27563328828384,144.44169976343383,151.27563328828384,71875.24543818425,5
5,49,4.157217897072105,2.858072334754529,144.44169976343383,151.17159522251868,144.44169976343383,151.17159522251868,71875.24543818425,5
5,50,4.157217897072105,2.8086704431730753,144.44169976343383,150.8668063856179,144.44169976343383,150.8668063856179,71875.24543818425,5
5,51,4.157217897072105,2.771545502641995,144.44169976343383,150.4135024800493,144.44169976343383,150.4135024800493,71875.24543818425,5
5,52,4.157217897072105,2.715515228970455,144.44169976343383,149.59918832842502,144.44169976343383,149.59918832842502,71875.24543818425,5
5,53,4.157217897072105,2.690258860289128,144.44169976343383,149.56014448359187,144.44169976343383,149.56014448359187,71875.24543818425,5
5,54,4.157217897072105,2.7140993264719167,144.44169976343383,149.6691790238214,144.44169976343383,149.6691790238214,71875.24543818425,5
5,55,4.157217897072105,2.7140993264719167,144.44169976343383,149.6691790238214,144.44169976343383,149.6691790238214,71875.24543818425,5
5,56,4.157217897072105,2.744817427816747,144.44169976343383,149.64245436002304,144.44169976343383,149.64245436002304,71875.78829797688,6
5,57,4.157217897072105,2.7520409900739367,144.44169976343383,149.6438583906285,144.44169976343383,149.6438583906285,71875.78829797688,6
5,58,4.157217897072105,2.7520409900739367,144.44169976343383,149.6438583906285,144.44169976343383,149.6438583906285,71875.78829797688,6
5,59,4.157217897072105,2.7520409900739367,144.44169976343383,149.6438583906285,144.44169976343383,149.6438583906285,71875.78829797688,6
5,60,4.157217897072105,2.7520409900739367,144.44169976343383,149.6438583906285,144.44169976343383,149.6438583906285,71875.78829797688,6
5,61,4.157217897072105,2.744817427816747,144.44169976343383,149.642454360023,144.44169976343383,149.642454360023,71875.78829797688,6
5,62,4.157217897072105,2.744817427816747,144.44169976343383,149.64245436002304,144.44169976343383,149.64245436002304,71875.78829797688,6
5,63,4.157217897072105,2.744817427816747,144.44169976343383,149.64245436002304,144.44169976343383,149.64245436002304,71875.78829797688,6
5,64,4.157217897072105,2.744817427816747,144.44169976343383,149.64245436002304,144.44169976343383,149.64245436002304,71875.78829797688,6
5,65,4.157217897072105,2.7632439355723077,144.44169976343383,149.72566259940746,144.44169976343383,149.72566259940746,71875.78829797688,6
5,66,4.157217897072105,2.7632439355723077,144.44169976343383,149.72566259940743,144.44169976343383,149.72566259940743,71875.78829797688,6
5,67,4.157217897072105,2.7632439355723077,144.44169976343383,149.72566259940743,144.44169976343383,149.72566259940743,71875.78829797688,6
5,68,4.157217897072105,2.7632439355723077,144.44169976343383,149.72566259940743,144.44169976343383,149.72566259940743,71875.78829797688,6
5,69,4.157217897072105,2.786113515821788,144.44169976343383,149.737559530599,144.44169976343383,149.737559530599,71875.78829797688,6
5,70,4.157217897072105,2.786113515821788,144.44169976343383,149.737559530599,144.44169976343383,149.737559530599,71875.78829797688,6
5,71,4.157217897072105,2.778889953564598,144.44169976343383,149.73615549999352,144.44169976343383,149.73615549999352,71875.78829797688,6
5,72,4.157217897072105,2.786113515821788,144.44169976343383,149.737559530599,144.44169976343383,149.737559530599,71875.78829797688,6
5,73,4.157217897072105,2.7933370780789772,144.44169976343383,149.73896356120446,144.44169976343383,149.73896356120446,71875.78829797688,6
5,74,4.157217897072105,2.7933370780789772,144.44169976343383,149.73896356120446,144.44169976343383,149.73896356120446,71875.78829797688,6
5,75,4.157217897072105,2.7933370780789772,144.44169976343383,149.73896356120446,144.44169976343383,149.73896356120446,71875.78829797688,6
5,76,4.157217897072105,2.939223240734079,144.44169976343383,152.665549437349,144.44169976343383,152.665549437349,71875.78829797688,6
5,77,4.157217897072105,2.9667915378239207,144.44169976343383,152.0106931257301,144.44169976343383,152.0106931257301,71875.78829797688,6
5,78,4.157217897072105,2.9688335447339984,144.44169976343383,151.85305029465218,144.44169976343383,151.85305029465218,71875.78829797688,6
5,79,4.157217897072105,3.0571540196574616,144.44169976343383,153.60225244018213,144.44169976343383,153.60225244018213,71875.78829797688,6
5,80,4.157217897072105,3.0705229681050286,144.44169976343383,152.58287504923658,144.44169976343383,152.58287504923658,71875.78829797688,6
5,81,4.157217897072105,3.051198467592697,144.44169976343383,151.82590582616248,144.44169976343383,151.82590582616248,71875.78829797688,6
5,82,4.157217897072105,3.048791687993203,144.44169976343383,151.76245858587288,144.44169976343383,151.76245858587288,71875.78829797688,6
5,83,4.157217897072105,3.0487916879932033,144.44169976343383,151.698880933108,144.44169976343383,151.698880933108,71875.78829797688,6
5,84,4.157217897072105,3.050146531093671,144.44169976343383,151.64518460711466,144.44169976343383,151.64518460711466,71875.78829797688,6
5,85,4.157217897072105,3.057109228582031,144.44169976343383,151.71810827186943,144.44169976343383,151.71810827186943,71875.78829797688,6
5,86,4.157217897072105,3.057109228582031,144.44169976343383,151.71810827186943,144.44169976343383,151.71810827186943,71875.78829797688,6
5,87,4.157217897072105,3.045830442799001,144.44169976343383,151.625767258849,144.44169976343383,151.625767258849,71875.78829797688,6
5,88,4.157217897072105,3.045830442799001,144.44169976343383,151.625767258849,144.44169976343383,151.625767258849,71875.78829797688,6
5,89,4.157217897072105,3.045830442799001,144.44169976343383,151.625767258849,144.44169976343383,151.625767258849,71875.78829797688,6
5,90,4.157217897072105,3.026107342580617,144.44169976343383,151.49024677663684,144.44169976343383,151.49024677663684,71875.78829797688,6
5,91,4.157217897072105,2.9953481066626986,144.44169976343383,151.26082699802618,144.44169976343383,151.26082699802618,71875.78829797688,6
5,92,4.157217897072105,2.9953481066626986,144.44169976343383,151.26082699802618,144.44169976343383,151.26082699802618,71875.78829797688,6
5,93,4.157217897072105,3.0144814473477592,144.44169976343383,151.34432892765395,144.44169976343383,151.34432892765395,71875.78829797688,6
5,94,4.157217897072105,3.027945038992362,144.44169976343383,151.48579464006278,144.44169976343383,151.48579464006278,71875.78829797688,6
5,95,4.157217897072105,3.0279450389923617,144.44169976343383,151.48579464006278,144.44169976343383,151.48579464006278,71875.78829797688,6
5,96,4.157217897072105,3.018208958463784,144.44169976343383,151.34417298600107,144.44169976343383,151.34417298600107,71875.78829797688,6
5,97,4.157217897072105,2.9954370874770917,144.44169976343383,151.04659383802903,144.44169976343383,151.04659383802903,71875.78829797688,6
5,98,4.157217897072105,2.9954370874770917,144.44169976343383,151.046593838029,144.44169976343383,151.046593838029,71875.78829797688,6
5,99,4.157217897072105,2.9954370874770917,144.44169976343383,151.046593838029,144.44169976343383,151.046593838029,71875.78829797688,6
5,100,4.157217897072105,2.9954370874770917,144.44169976343383,151.046593838029,144.44169976343383,151.046593838029,71875.78829797688,6
5,101,4.157217897072105,2.9954370874770917,144.44169976343383,151.046593838029,144.44169976343383,151.046593838029,71875.78829797688,6
5,102,4.157217897072105,3.0009630677736454,144.44169976343383,151.02648296330455,144.44169976343383,151.02648296330455,71875.78829797688,6
5,103,4.157217897072105,3.000963067773646,144.44169976343383,151.02210273449836,144.44169976343383,151.02210273449836,71875.78829797688,6
5,104,4.157217897072105,3.027859867227737,144.44169976343383,151.12760833801232,144.44169976343383,151.12760833801232,71875.78829797688,6
5,105,4.157217897072105,3.027859867227737,144.44169976343383,151.12760833801232,144.44169976343383,151.12760833801232,71875.78829797688,6
5,106,4.157217897072105,3.027859867227737,144.44169976343383,151.12760833801232,144.44169976343383,151.12760833801232,71875.78829797688,6
5,107,4.157217897072105,3.0208971697393765,144.44169976343383,151.05468467325758,144.44169976343383,151.05468467325758,71875.78829797688,6
5,108,4.157217897072105,3.0135054152538223,144.44169976343383,150.9796567994561,144.44169976343383,150.9796567994561,71875.78829797688,6
5,109,4.157217897072105,3.0135054152538223,144.44169976343383,150.9796567994561,144.44169976343383,150.9796567994561,71875.78829797688,6
5,110,4.157217897072105,3.0158279560526187,144.44169976343383,150.97569997955978,144.44169976343383,150.97569997955978,71875.78829797688,6
5,111,4.157217897072105,3.0158279560526187,144.44169976343383,150.97569997955978,144.44169976343383,150.97569997955978,71875.78829797688,6
5,112,4.157217897072105,3.033745370929115,144.44169976343383,151.0611226209488,144.44169976343383,151.0611226209488,71875.78829797688,6
5,113,4.157217897072105,3.073894760280463,144.44169976343383,151.37437537963396,144.44169976343383,151.37437537963396,71875.78829797688,6
5,114,4.157217897072105,3.094481825405583,144.44169976343383,151.55347563153984,144.44169976343383,151.55347563153984,71875.78829797688,6
5,115,4.157217897072105,3.107677136045149,144.44169976343383,151.65754800964436,144.44169976343383,151.65754800964436,71875.78829797688,6
5,116,4.157217897072105,3.1076771360451487,144.44169976343383,151.63516910964353,144.44169976343383,151.63516910964353,71875.78829797688,6
5,117,4.157217897072105,3.120761607170067,144.44169976343383,151.75084883468014,144.44169976343383,151.75084883468014,71875.78829797688,6
5,118,4.157217897072105,3.1338460782949853,144.44169976343383,151.84997380322577,144.44169976343383,151.84997380322577,71875.78829797688,6
5,119,4.157217897072105,3.1338460782949853,144.44169976343383,151.84997380322577,144.44169976343383,151.84997380322577,71875.78829797688,6
5,120,4.157217897072105,3.1338460782949853,144.44169976343383,151.84997380322577,144.44169976343383,151.84997380322577,71875.78829797688,6
5,121,4.157217897072105,3.1338460782949853,144.44169976343383,151.84997380322577,144.44169976343383,151.84997380322577,71875.78829797688,6
5,122,4.157217897072105,3.1332575011163404,144.44169976343383,151.8471956540974,144.44169976343383,151.8471956540974,71875.78829797688,6
5,123,4.157217897072105,3.1281894697842607,144.44169976343383,151.83474982949943,144.44169976343383,151.83474982949943,71875.78829797688,6
5,124,4.157217897072105,3.128189469784261,144.44169976343383,151.83474982949943,144.44169976343383,151.83474982949943,71875.78829797688,6
5,125,4.157217897072105,3.1281894697842607,144.44169976343383,151.83474982949943,144.44169976343383,151.83474982949943,71875.78829797688,6
5,126,4.157217897072105,3.1281894697842607,144.44169976343383,151.83474982949943,144.44169976343383,151.83474982949943,71875.78829797688,6
5,127,4.157217897072105,3.122250257384087,144.44169976343383,151.80607987452012,144.44169976343383,151.80607987452012,71875.78829797688,6
5,128,4.157217897072105,3.122250257384087,144.44169976343383,151.80607987452012,144.44169976343383,151.80607987452012,71875.78829797688,6
5,129,4.157217897072105,3.1087866657394847,144.44169976343383,151.6378550333044,144.44169976343383,151.6378550333044,71875.78829797688,6
5,130,4.157217897072105,3.1087866657394847,144.44169976343383,151.63785503330436,144.44169976343383,151.63785503330436,71875.78829797688,6
5,131,4.157217897072105,3.1087866657394847,144.44169976343383,151.6378550333044,144.44169976343383,151.6378550333044,71875.78829797688,6
5,132,4.157217897072105,3.1087866657394847,144.44169976343383,151.6378550333044,144.44169976343383,151.6378550333044,71875.78829797688,6
5,133,4.157217897072105,3.1087866657394847,144.44169976343383,151.6378550333044,144.44169976343383,151.6378550333044,71875.78829797688,6
5,134,4.157217897072105,3.1087866657394847,144.44169976343383,151.6378550333044,144.44169976343383,151.6378550333044,71875.78829797688,6
5,135,4.157217897072105,3.1087866657394847,144.44169976343383,151.6378550333044,144.44169976343383,151.6378550333044,71875.78829797688,6
5,136,4.157217897072105,3.1087866657394847,144.44169976343383,151.6378550333044,144.44169976343383,151.6378550333044,71875.78829797688,6
5,137,4.157217897072105,3.1041465090499205,144.44169976343383,151.5385956486525,144.44169976343383,151.5385956486525,71875.78829797688,6
5,138,4.157217897072105,3.1041465090499205,144.44169976343383,151.5385956486525,144.44169976343383,151.5385956486525,71875.78829797688,6
5,139,4.157217897072105,3.1041465090499205,144.44169976343383,151.5385956486525,144.44169976343383,151.5385956486525,71875.78829797688,6
5,140,4.157217897072105,3.1041465090499205,144.44169976343383,151.5385956486525,144.44169976343383,151.5385956486525,71875.78829797688,6
5,141,4.157217897072105,3.1041465090499205,144.44169976343383,151.5385956486525,144.44169976343383,151.5385956486525,71875.78829797688,6
5,142,4.157217897072105,3.1041465090499205,144.44169976343383,151.5385956486525,144.44169976343383,151.5385956486525,71875.78829797688,6
5,143,4.157217897072105,3.1041465090499205,144.44169976343383,151.5385956486525,144.44169976343383,151.5385956486525,71875.78829797688,6
5,144,4.157217897072105,3.1041465090499205,144.44169976343383,151.5385956486525,144.44169976343383,151.5385956486525,71875.78829797688,6
5,145,4.157217897072105,3.1041465090499205,144.44169976343383,151.5385956486525,144.44169976343383,151.5385956486525,71875.78829797688,6
5,146,4.157217897072105,3.1041465090499205,144.44169976343383,151.5385956486525,144.44169976343383,151.5385956486525,71875.78829797688,6
5,147,4.157217897072105,3.1041465090499205,144.44169976343383,151.5385956486525,144.44169976343383,151.5385956486525,71875.78829797688,6
5,148,4.157217897072105,3.1041465090499205,144.44169976343383,151.53859564865252,144.44169976343383,151.53859564865252,71875.78829797688,6
5,149,4.157217897072105,3.1041465090499205,144.44169976343383,151.5385956486525,144.44169976343383,151.5385956486525,71875.78829797688,6
5,150,4.157217897072105,3.1041465090499205,144.44169976343383,151.5385956486525,144.44169976343383,151.5385956486525,71875.78829797688,6
5,151,4.157217897072105,3.1041465090499205,144.44169976343383,151.5385956486525,144.44169976343383,151.5385956486525,71875.78829797688,6
5,152,4.157217897072105,3.1041465090499205,144.44169976343383,151.5385956486525,144.44169976343383,151.5385956486525,71875.78829797688,6
5,153,4.157217897072105,3.1041465090499205,144.44169976343383,151.5385956486525,144.44169976343383,151.5385956486525,71875.78829797688,6
5,154,4.157217897072105,3.1041465090499205,144.44169976343383,151.53859564865252,144.44169976343383,151.53859564865252,71875.78829797688,6
5,155,4.157217897072105,3.1041465090499205,144.44169976343383,151.53859564865252,144.44169976343383,151.53859564865252,71875.78829797688,6
5,156,4.157217897072105,3.1041465090499205,144.44169976343383,151.53859564865252,144.44169976343383,151.53859564865252,71875.78829797688,6
5,157,4.157217897072105,3.1041465090499205,144.44169976343383,151.53859564865252,144.44169976343383,151.53859564865252,71875.78829797688,6
5,158,4.157217897072105,3.1041465090499205,144.44169976343383,151.5385956486525,144.44169976343383,151.5385956486525,71875.78829797688,6
5,159,4.157217897072105,3.1041465090499205,144.44169976343383,151.5385956486525,144.44169976343383,151.5385956486525,71875.78829797688,6
5,160,4.157217897072105,3.1041465090499205,144.44169976343383,151.5385956486525,144.44169976343383,151.5385956486525,71875.78829797688,6
5,161,4.157217897072105,3.1041465090499205,144.44169976343383,151.5385956486525,144.44169976343383,151.5385956486525,71875.78829797688,6
5,162,4.157217897072105,3.1041465090499205,144.44169976343383,151.5385956486525,144.44169976343383,151.5385956486525,71875.78829797688,6
5,163,4.157217897072105,3.1041465090499205,144.44169976343383,151.5385956486525,144.44169976343383,151.5385956486525,71875.78829797688,6
5,164,4.157217897072105,3.1041465090499205,144.44169976343383,151.5385956486525,144.44169976343383,151.5385956486525,71875.78829797688,6
5,165,4.157217897072105,3.1041465090499205,144.44169976343383,151.5385956486525,144.44169976343383,151.5385956486525,71875.78829797688,6
5,166,4.157217897072105,3.1041465090499205,144.44169976343383,151.5385956486525,144.44169976343383,151.5385956486525,71875.78829797688,6
5,167,4.157217897072105,3.10414650904992,144.44169976343383,151.5385956486525,144.44169976343383,151.5385956486525,71875.78829797688,6
5,168,4.157217897072105,3.10414650904992,144.44169976343383,151.5385956486525,144.44169976343383,151.5385956486525,71875.78829797688,6
5,169,4.157217897072105,3.10414650904992,144.44169976343383,151.5385956486525,144.44169976343383,151.5385956486525,71875.78829797688,6
5,170,4.157217897072105,3.1041465090499205,144.44169976343383,151.5385956486525,144.44169976343383,151.5385956486525,71875.78829797688,6
5,171,4.157217897072105,3.1041465090499205,144.44169976343383,151.5385956486525,144.44169976343383,151.5385956486525,71875.78829797688,6
5,172,4.157217897072105,3.10414650904992,144.44169976343383,151.5385956486525,144.44169976343383,151.5385956486525,71875.78829797688,6
5,173,4.157217897072105,3.1041465090499205,144.44169976343383,151.5385956486525,144.44169976343383,151.5385956486525,71875.78829797688,6
5,174,4.157217897072105,3.1041465090499205,144.44169976343383,151.5385956486525,144.44169976343383,151.5385956486525,71875.78829797688,6
5,175,4.157217897072105,3.1041465090499205,144.44169976343383,151.5385956486525,144.44169976343383,151.5385956486525,71875.78829797688,6
5,176,4.157217897072105,3.1041465090499205,144.44169976343383,151.5385956486525,144.44169976343383,151.5385956486525,71875.78829797688,6
5,177,4.157217897072105,3.1041465090499205,144.44169976343383,151.5385956486525,144.44169976343383,151.5385956486525,71875.78829797688,6
5,178,4.157217897072105,3.1041465090499205,144.44169976343383,151.5385956486525,144.44169976343383,151.5385956486525,71875.78829797688,6
5,179,4.157217897072105,3.1107031905960207,144.44169976343383,151.6393820260724,144.44169976343383,151.6393820260724,71875.78829797688,6
5,180,4.157217897072105,3.1107031905960207,144.44169976343383,151.6393820260724,144.44169976343383,151.6393820260724,71875.78829797688,6
5,181,4.157217897072105,3.1107031905960207,144.44169976343383,151.6393820260724,144.44169976343383,151.6393820260724,71875.78829797688,6
5,182,4.157217897072105,3.1107031905960207,144.44169976343383,151.6393820260724,144.44169976343383,151.6393820260724,71875.78829797688,6
5,183,4.157217897072105,3.1107031905960203,144.44169976343383,151.61260805309922,144.44169976343383,151.61260805309922,71875.78829797688,6
5,184,4.157217897072105,3.1107031905960203,144.44169976343383,151.61260805309922,144.44169976343383,151.61260805309922,71875.78829797688,6
5,185,4.157217897072105,3.1107031905960207,144.44169976343383,151.61260805309914,144.44169976343383,151.61260805309914,71875.78829797688,6
5,186,4.157217897072105,3.1107031905960207,144.44169976343383,151.61260805309914,144.44169976343383,151.61260805309914,71875.78829797688,6
5,187,4.157217897072105,3.1107031905960207,144.44169976343383,151.61260805309914,144.44169976343383,151.61260805309914,71875.78829797688,6
5,188,4.157217897072105,3.1107031905960207,144.44169976343383,151.61260805309914,144.44169976343383,151.61260805309914,71875.78829797688,6
5,189,4.157217897072105,3.1107031905960207,144.44169976343383,151.6126080530992,144.44169976343383,151.6126080530992,71875.78829797688,6
5,190,4.157217897072105,3.1107031905960207,144.44169976343383,151.6126080530992,144.44169976343383,151.6126080530992,71875.78829797688,6
5,191,4.157217897072105,3.1107031905960207,144.44169976343383,151.61260805309914,144.44169976343383,151.61260805309914,71875.78829797688,6
5,192,4.157217897072105,3.1107031905960207,144.44169976343383,151.6126080530992,144.44169976343383,151.6126080530992,71875.78829797688,6
5,193,4.157217897072105,3.1107031905960207,144.44169976343383,151.6126080530992,144.44169976343383,151.6126080530992,71875.78829797688,6
5,194,4.157217897072105,3.1107031905960207,144.44169976343383,151.6126080530992,144.44169976343383,151.6126080530992,71875.78829797688,6
5,195,4.157217897072105,3.1107031905960207,144.44169976343383,151.6126080530992,144.44169976343383,151.6126080530992,71875.78829797688,6
5,196,4.157217897072105,3.1107031905960207,144.44169976343383,151.6126080530992,144.44169976343383,151.6126080530992,71875.78829797688,6
5,197,4.157217897072105,3.1107031905960207,144.44169976343383,151.6126080530992,144.44169976343383,151.6126080530992,71875.78829797688,6
5,198,4.157217897072105,3.1107031905960207,144.44169976343383,151.6126080530992,144.44169976343383,151.6126080530992,71875.78829797688,6
5,199,4.157217897072105,3.1107031905960207,144.44169976343383,151.6126080530992,144.44169976343383,151.6126080530992,71875.78829797688,6
5,200,4.157217897072105,3.1107031905960207,144.44169976343383,151.61260805309914,144.44169976343383,151.61260805309914,71875.78829797688,6
6,1,4.022669366811058,2.3098245694192676,165.32588025850163,219.31568017280745,165.32588025850163,219.31568017280745,32664.23787309434,10
6,2,4.022669366811058,2.680641215437638,152.06581211369698,212.91417661971184,152.06581211369698,212.91417661971184,45546.37385204974,8
6,3,4.022669366811058,2.771589745505641,152.06581211369698,205.5314487554216,152.06581211369698,205.5314487554216,46161.37701917807,13
6,4,4.022669366811058,2.6937266804489095,151.6806446706725,195.77180905394655,151.6806446706725,195.77180905394655,47130.87427873112,11
6,5,4.302319348919434,2.6916726859460534,150.47349097068604,191.5696394822288,150.47349097068604,191.5696394822288,49619.31573097589,9
6,6,4.302319348919434,2.712508383685719,150.47349097068604,189.7828800211453,150.47349097068604,189.7828800211453,49801.029449272624,11
6,7,4.302319348919434,2.6246328214343153,150.47349097068604,184.4194641673732,150.47349097068604,184.4194641673732,51643.86193106874,10
6,8,4.302319348919434,2.658498852896893,150.47349097068604,183.94433529144808,150.47349097068604,183.94433529144808,51818.06996644126,11
6,9,4.302319348919434,2.8149147796492087,150.47349097068604,184.77500186597544,150.47349097068604,184.77500186597544,52434.254286560754,13
6,10,4.302319348919434,2.8289883340828603,150.47349097068604,183.1140717376194,150.47349097068604,183.1140717376194,52580.03439019552,14
6,11,4.302319348919434,2.7365549741779227,150.47349097068604,179.3931927403542,150.47349097068604,179.3931927403542,53675.75970388019,16
6,12,4.302319348919434,2.74569153685636,150.47349097068604,178.79741054046954,150.47349097068604,178.79741054046954,54733.20040339233,16
6,13,4.302319348919434,2.7925094941845896,150.47349097068604,179.01372239397224,150.47349097068604,179.01372239397224,54996.47743155813,19
6,14,4.302319348919434,3.0358481141448403,150.47349097068604,183.36687522125038,150.47349097068604,183.36687522125038,55659.64442969465,21
6,15,4.302319348919434,3.1595966245247693,150.36144109584163,183.2182553783126,150.36144109584163,183.2182553783126,56270.024480839595,16
6,16,4.302319348919434,3.1176887371723523,150.36144109584163,180.2829852087123,150.36144109584163,180.2829852087123,56507.88269954312,16
6,17,4.302319348919434,3.0517175939596575,150.36144109584163,176.2037679434712,150.36144109584163,176.2037679434712,57759.62838208422,16
6,18,4.302319348919434,3.0122762620498515,150.36144109584163,172.98349450642584,150.36144109584163,172.98349450642584,58277.32175783154,18
6,19,4.302319348919434,2.9936073153692484,150.36144109584163,172.02559297505465,150.36144109584163,172.02559297505465,58277.32175783154,20
6,20,4.302319348919434,2.9525225601241347,150.36144109584163,170.61144358842523,150.36144109584163,170.61144358842523,58277.32175783154,24
6,21,4.302319348919434,2.847015772290861,150.36144109584163,166.07992032146024,150.36144109584163,166.07992032146024,58277.32175783154,31
6,22,4.302319348919434,2.9215194039114545,150.36144109584163,167.84996718679315,150.36144109584163,167.84996718679315,58277.32175783154,34
6,23,4.302319348919434,2.933567520223906,150.36144109584163,167.9183866622958,150.36144109584163,167.9183866622958,58390.804886533384,35
6,24,4.302319348919434,2.9120088022848387,150.36144109584163,166.77235719487206,150.36144109584163,166.77235719487206,58394.61054988971,39
6,25,4.302319348919434,2.876416699337304,150.36144109584163,166.18575021922732,150.36144109584163,166.18575021922732,58394.61054988971,43
6,26,4.302319348919434,2.8058962508100107,150.36144109584163,163.58245262855056,150.36144109584163,163.58245262855056,58394.61054988971,46
6,27,4.302319348919434,2.7867405729104506,150.36144109584163,163.02326205307722,150.36144109584163,163.02326205307722,58394.61054988971,50
6,28,4.302319348919434,2.7152543089377494,150.36144109584163,160.99447982854755,150.36144109584163,160.99447982854755,58394.61054988971,55
6,29,4.302319348919434,2.6437678059987717,150.36144109584163,158.2929171882163,150.36144109584163,158.2929171882163,58523.16162874873,60
6,30,4.302319348919434,2.645393994711875,150.36144109584163,158.3358861707137,150.36144109584163,158.3358861707137,58558.60371959001,60
6,31,4.302319348919434,2.6538164504469752,150.36144109584163,158.36814335761483,150.36144109584163,158.36814335761483,58558.60371959001,60
6,32,4.302319348919434,2.6604886117170556,150.36144109584163,158.39679071633373,150.36144109584163,158.39679071633373,58558.60371959001,60
6,33,4.302319348919434,2.633128717137862,150.36144109584163,157.99188051134362,150.36144109584163,157.99188051134362,58558.60371959001,60
6,34,4.302319348919434,2.6638650948951788,150.36144109584163,159.00066366698874,150.36144109584163,159.00066366698874,58558.60371959001,60
6,35,4.302319348919434,2.683387466902997,150.36144109584163,159.20759737848158,150.36144109584163,159.20759737848158,58558.60371959001,60
6,36,4.302319348919434,2.6840014272171833,150.36144109584163,159.33054079277125,150.36144109584163,159.33054079277125,58558.60371959001,60
6,37,4.302319348919434,2.6500029035445234,150.36144109584163,158.7985509911614,150.36144109584163,158.7985509911614,58558.60371959001,60
6,38,4.302319348919434,2.662517653310607,150.36144109584163,158.98200294519654,150.36144109584163,158.98200294519654,58558.60371959001,60
6,39,4.302319348919434,2.642381320988603,150.36144109584163,158.70896221400602,150.36144109584163,158.70896221400602,58558.60371959001,60
6,40,4.302319348919434,2.6585564847547585,150.36144109584163,158.8836698970834,150.36144109584163,158.8836698970834,58558.60371959001,60
6,41,4.302319348919434,2.6833242595620503,150.36144109584163,159.03761485392235,150.36144109584163,159.03761485392235,58558.60371959001,60
6,42,4.302319348919434,2.7829967695394413,150.36144109584163,162.46909328118844,150.36144109584163,162.46909328118844,58570.43177337408,55
6,43,4.302319348919434,2.714593402639296,150.36144109584163,159.33674678196084,150.36144109584163,159.33674678196084,58570.43177337408,60
6,44,4.302319348919434,2.728507402579054,150.36144109584163,159.52874578522844,150.36144109584163,159.52874578522844,58570.43177337408,60
6,45,4.302319348919434,2.7396813826541173,150.36144109584163,159.6722769407804,150.36144109584163,159.6722769407804,58570.43177337408,60
6,46,4.302319348919434,2.7543779793605667,150.36144109584163,159.77546218304477,150.36144109584163,159.77546218304477,58570.43177337408,60
6,47,4.302319348919434,2.759925310955081,150.36144109584163,159.81574006503044,150.36144109584163,159.81574006503044,58570.43177337408,60
6,48,4.302319348919434,2.7464276077265435,150.36144109584163,159.6697789304597,150.36144109584163,159.6697789304597,58570.43177337408,60
6,49,4.302319348919434,2.7317828196091956,150.36144109584163,159.49964362104356,150.36144109584163,159.49964362104356,58570.43177337408,60
6,50,4.302319348919434,2.7236109478739667,150.36144109584163,159.4852772411688,150.36144109584163,159.4852772411688,58570.50603887397,60
6,51,4.302319348919434,2.721320756897106,150.36144109584163,159.44125141884118,150.36144109584163,159.44125141884118,58570.50603887397,60
6,52,4.302319348919434,2.7223219867720485,150.36144109584163,159.49207916471784,150.36144109584163,159.49207916471784,58570.50603887397,60
6,53,4.302319348919434,2.744793546722797,150.36144109584163,159.77351960127044,150.36144109584163,159.77351960127044,58570.50603887397,60
6,54,4.302319348919434,2.7341709676348436,150.36144109584163,159.6763741662071,150.36144109584163,159.6763741662071,58570.50603887397,60
6,55,4.302319348919434,2.7458330356326455,150.36144109584163,159.92727138305625,150.36144109584163,159.92727138305625,58570.50603887397,60
6,56,4.302319348919434,2.7352104565446917,150.36144109584163,159.83012594799294,150.36144109584163,159.83012594799294,58570.50603887397,60
6,57,4.302319348919434,2.6965011735007107,150.36144109584163,159.35425652915401,150.36144109584163,159.35425652915401,58570.50603887397,60
6,58,4.302319348919434,2.6610833113085346,150.36144109584163,158.97324067851935,150.36144109584163,158.97324067851935,58570.50603887397,60
6,59,4.302319348919434,2.6742165264149547,150.36144109584163,159.00621387724155,150.36144109584163,159.00621387724155,58570.50603887397,60
6,60,4.302319348919434,2.68698742026666,150.36144109584163,159.17836123302686,150.36144109584163,159.17836123302686,58570.50603887397,60
6,61,4.302319348919434,2.661771861650462,150.36144109584163,158.84413042139565,150.36144109584163,158.84413042139565,58570.50603887397,60
6,62,4.302319348919434,2.67471816389189,150.36144109584163,158.94370583547774,150.36144109584163,158.94370583547774,58570.50603887397,60
6,63,4.302319348919434,2.6809404962741366,150.36144109584163,159.02474756340067,150.36144109584163,159.02474756340067,58570.50603887397,60
6,64,4.302319348919434,2.6895737748284954,150.36144109584163,159.11086426267426,150.36144109584163,159.11086426267426,58627.03252487789,60
6,65,4.302319348919434,2.699087528062546,150.36144109584163,159.28675955880146,150.36144109584163,159.28675955880146,58627.03252487789,60
6,66,4.302319348919434,2.703621576198545,150.36144109584163,158.24522235468223,150.36144109584163,158.24522235468223,59066.39498847391,60
6,67,4.302319348919434,2.718318172904993,150.36144109584163,158.3484075969466,150.36144109584163,158.3484075969466,59066.39498847391,60
6,68,4.302319348919434,2.701529048824651,150.36144109584163,158.10759289417163,150.36144109584163,158.10759289417163,59066.39498847391,60
6,69,4.302319348919434,2.689823055982768,150.36144109584163,158.1276027012412,150.36144109584163,158.1276027012412,59066.39498847391,60
6,70,4.302319348919434,2.6944026898789533,150.36144109584163,158.07545699404145,150.36144109584163,158.07545699404145,59066.39498847391,60
6,71,4.302319348919434,2.7049694815770495,150.36144109584163,158.23522996889352,150.36144109584163,158.23522996889352,59066.39498847391,60
6,72,4.302319348919434,2.727305937251907,150.36144109584163,158.5163225536542,150.36144109584163,158.5163225536542,59066.39498847391,60
6,73,4.302319348919434,2.7066182039427926,150.36144109584163,158.19689610197503,150.36144109584163,158.19689610197503,59066.39498847391,60
6,74,4.302319348919434,2.6856220541650226,150.36144109584163,158.0412138178704,150.36144109584163,158.0412138178704,59066.39498847391,60
6,75,4.302319348919434,2.679951122769886,150.36144109584163,158.00655781043614,150.36144109584163,158.00655781043614,59066.39498847391,60
6,76,4.302319348919434,2.668237246182982,150.36144109584163,157.82261066073877,150.36144109584163,157.82261066073877,59066.39498847391,60
6,77,4.302319348919434,2.666037122830127,150.36144109584163,157.8145588071686,150.36144109584163,157.8145588071686,59066.39498847391,60
6,78,4.302319348919434,2.671584454424644,150.36144109584163,157.85483668915427,150.36144109584163,157.85483668915427,59066.39498847391,60
6,79,4.302319348919434,2.6408255430146856,150.36144109584163,157.4846505229004,150.36144109584163,157.4846505229004,59066.39498847391,60
6,80,4.302319348919434,2.6690198429496723,150.36144109584163,157.73379689973555,150.36144109584163,157.73379689973555,59066.39498847391,60
6,81,4.302319348919434,2.718112699013033,150.36144109584163,158.59904731679796,150.36144109584163,158.59904731679796,59308.03144257613,60
6,82,4.302319348919434,2.7247513281064983,150.36144109584163,158.72612691341774,150.36144109584163,158.72612691341774,59308.03144257613,60
6,83,4.302319348919434,2.743200679027854,150.36144109584163,158.93457747561752,150.36144109584163,158.93457747561752,59308.03144257613,60
6,84,4.302319348919434,2.7410230893276406,150.36144109584163,158.04505159605569,150.36144109584163,158.04505159605569,59613.541186780625,60
6,85,4.302319348919434,2.7326524421816427,150.36144109584163,157.8890079474108,150.36144109584163,157.8890079474108,59613.541186780625,60
6,86,4.302319348919434,2.7456370034579765,150.36144109584163,158.09150739740204,150.36144109584163,158.09150739740204,59613.541186780625,60
6,87,4.302319348919434,2.7437113006032323,150.36144109584163,158.160469510923,150.36144109584163,158.160469510923,59613.541186780625,60
6,88,4.302319348919434,2.745308214379874,150.36144109584163,158.1890857111563,150.36144109584163,158.1890857111563,59613.541186780625,60
6,89,4.302319348919434,2.701886005097171,150.36144109584163,157.40482777181532,150.36144109584163,157.40482777181532,59830.04873741035,60
6,90,4.302319348919434,2.7238061640608096,150.36144109584163,157.63988248787925,150.36144109584163,157.63988248787925,59830.04873741035,60
6,91,4.302319348919434,2.729797300663475,150.36144109584163,157.85612369729412,150.36144109584163,157.85612369729412,59830.04873741035,60
6,92,4.302319348919434,2.7382715649876777,150.36144109584163,157.87826721163546,150.36144109584163,157.87826721163546,59830.04873741035,60
6,93,4.302319348919434,2.718551529376892,150.36144109584163,157.65126434914174,150.36144109584163,157.65126434914174,59830.04873741035,60
6,94,4.302319348919434,2.7142030912602877,150.36144109584163,157.56821057484956,150.36144109584163,157.56821057484956,59830.04873741035,60
6,95,4.302319348919434,2.6997376903334196,150.36144109584163,157.21144569489465,150.36144109584163,157.21144569489465,60060.50981938155,60
6,96,4.302319348919434,2.6590748891357,150.36144109584163,156.7979290967408,150.36144109584163,156.7979290967408,60060.50981938155,60
6,97,4.302319348919434,2.743187871706986,150.36144109584163,157.8141199912497,150.36144109584163,157.8141199912497,60060.50981938155,60
6,98,4.302319348919434,2.7013803888194796,150.36144109584163,157.34463313001731,150.36144109584163,157.34463313001731,60060.50981938155,60
6,99,4.302319348919434,2.7383616326116846,150.36144109584163,157.7958610241941,150.36144109584163,157.7958610241941,60060.50981938155,60
6,100,4.302319348919434,2.738361632611685,150.36144109584163,157.7958610241941,150.36144109584163,157.7958610241941,60060.50981938155,60
6,101,4.302319348919434,2.7434368801051234,150.36144109584163,157.85272857727176,150.36144109584163,157.85272857727176,60060.50981938155,60
6,102,4.302319348919434,2.743436880105123,150.36144109584163,157.8527285772717,150.36144109584163,157.8527285772717,60060.50981938155,60
6,103,4.302319348919434,2.7488766157206785,150.36144109584163,158.0225840661979,150.36144109584163,158.0225840661979,60060.50981938155,60
6,104,4.302319348919434,2.7071667264825705,150.36144109584163,156.9695318361822,150.36144109584163,156.9695318361822,60414.99039946649,60
6,105,4.302319348919434,2.705018411718819,150.36144109584163,156.89452991546023,150.36144109584163,156.89452991546023,60414.99039946649,60
6,106,4.302319348919434,2.6724611356581165,150.36144109584163,157.4035242469137,150.36144109584163,157.4035242469137,60797.70166143036,58
6,107,4.302319348919434,2.643873072664549,150.36144109584163,156.1874980165055,150.36144109584163,156.1874980165055,60797.70166143036,60
6,108,4.302319348919434,2.6476446976940715,150.36144109584163,156.18576068923988,150.36144109584163,156.18576068923988,60797.70166143036,60
6,109,4.302319348919434,2.5987005689168265,150.36144109584163,155.51197705934365,150.36144109584163,155.51197705934365,60797.70166143036,60
6,110,4.302319348919434,2.579957926682745,150.36144109584163,155.33351517725376,150.36144109584163,155.33351517725376,60797.70166143036,60
6,111,4.302319348919434,2.608214322150878,150.36144109584163,155.6878723554708,150.36144109584163,155.6878723554708,60797.70166143036,60
6,112,4.302319348919434,2.601940181179528,150.36144109584163,155.67378069469962,150.36144109584163,155.67378069469962,60797.70166143036,60
6,113,4.302319348919434,2.581803848857524,150.36144109584163,155.40073996350915,150.36144109584163,155.40073996350915,60797.70166143036,60
6,114,4.302319348919434,2.6145078513425153,150.36144109584163,155.91189069935228,150.36144109584163,155.91189069935228,60797.70166143036,60
6,115,4.302319348919434,2.6142054587535424,150.36144109584163,155.90411356488568,150.36144109584163,155.90411356488568,60797.70166143036,60
6,116,4.302319348919434,2.607931317782194,150.36144109584163,155.8900219041145,150.36144109584163,155.8900219041145,60797.70166143036,60
6,117,4.302319348919434,2.5973605472833428,150.36144109584163,155.72592640189936,150.36144109584163,155.72592640189936,60797.70166143036,60
6,118,4.302319348919434,2.5929323284867727,150.36144109584163,155.77905952738357,150.36144109584163,155.77905952738357,60797.70166143036,60
6,119,4.302319348919434,2.581218451899868,150.36144109584163,155.5951123776862,150.36144109584163,155.5951123776862,60797.70166143036,60
6,120,4.302319348919434,2.5793445576342253,150.36144109584163,155.5971244240554,150.36144109584163,155.5971244240554,60797.70166143036,60
6,121,4.302319348919434,2.5983377838681774,150.36144109584163,155.85031350776364,150.36144109584163,155.85031350776364,60797.70166143036,60
6,122,4.302319348919434,2.6043111078522867,150.36144109584163,155.8927466496645,150.36144109584163,155.8927466496645,60797.70166143036,60
6,123,4.302319348919434,2.6043629164413895,150.36144109584163,155.82579658251277,150.36144109584163,155.82579658251277,60797.70166143036,60
6,124,4.302319348919434,2.584829793695597,150.36144109584163,155.53219150465915,150.36144109584163,155.53219150465915,60797.70166143036,60
6,125,4.302319348919434,2.5785556527242477,150.36144109584163,155.51809984388794,150.36144109584163,155.51809984388794,60797.70166143036,60
6,126,4.302319348919434,2.520181910002339,150.36144109584163,155.09002608271607,150.36144109584163,155.09002608271607,61682.34777764925,59
6,127,4.302319348919434,2.4843702847515834,150.36144109584163,154.0768130006609,150.36144109584163,154.0768130006609,61682.34777764925,60
6,128,4.302319348919434,2.484370284751583,150.36144109584163,154.07681300066088,150.36144109584163,154.07681300066088,61682.34777764925,60
6,129,4.302319348919434,2.496866758105178,150.36144109584163,154.17194638935507,150.36144109584163,154.17194638935507,61682.34777764925,60
6,130,4.302319348919434,2.4968667581051793,150.36144109584163,154.171946389355,150.36144109584163,154.171946389355,61682.34777764925,60
6,131,4.302319348919434,2.4892980959461615,150.36144109584163,154.1370156628172,150.36144109584163,154.1370156628172,61682.34777764925,60
6,132,4.302319348919434,2.4870979725933067,150.36144109584163,154.128963809247,150.36144109584163,154.128963809247,61682.34777764925,60
6,133,4.302319348919434,2.478373124269234,150.36144109584163,154.03209309328724,150.36144109584163,154.03209309328724,61682.34777764925,60
6,134,4.302319348919434,2.472401375886859,150.36144109584163,154.02577856698267,150.36144109584163,154.02577856698267,61682.34777764925,60
6,135,4.302319348919434,2.4639789201517592,150.36144109584163,153.93668498548953,150.36144109584163,153.93668498548953,61682.34777764925,60
6,136,4.302319348919434,2.4636765275627863,150.36144109584163,153.92890785102293,150.36144109584163,153.92890785102293,61682.34777764925,60
6,137,4.302319348919434,2.453105757063935,150.36144109584163,153.76481234880782,150.36144109584163,153.76481234880782,61682.34777764925,60
6,138,4.302319348919434,2.4637283361518882,150.36144109584163,153.86195778387113,150.36144109584163,153.86195778387113,61682.34777764925,60
6,139,4.302319348919434,2.470225089032245,150.36144109584163,154.02001347888523,150.36144109584163,154.02001347888523,61682.34777764925,60
6,140,4.302319348919434,2.472779413563172,150.36144109584163,153.96889239977025,150.36144109584163,153.96889239977025,61682.34777764925,60
6,141,4.302319348919434,2.498098589357575,150.36144109584163,154.16922307709788,150.36144109584163,154.16922307709788,61682.34777764925,60
6,142,4.302319348919434,2.5171197876823896,150.36144109584163,154.35317532818163,150.36144109584163,154.35317532818163,61682.34777764925,60
6,143,4.302319348919434,2.50869733194729,150.36144109584163,154.26408174668848,150.36144109584163,154.26408174668848,61682.34777764925,60
6,144,4.302319348919434,2.5024231909759407,150.36144109584163,154.2499900859173,150.36144109584163,154.2499900859173,61682.34777764925,60
6,145,4.302319348919434,2.5100436617240605,150.36144109584163,154.21797074530338,150.36144109584163,154.21797074530338,61682.34777764925,60
6,146,4.302319348919434,2.509991853134958,150.36144109584163,154.28492081245517,150.36144109584163,154.28492081245517,61682.34777764925,60
6,147,4.302319348919434,2.5042691131507198,150.36144109584163,154.31721487217266,150.36144109584163,154.31721487217266,61682.34777764925,60
6,148,4.302319348919434,2.508343130769214,150.36144109584163,154.3232546793737,150.36144109584163,154.3232546793737,61682.34777764925,60
6,149,4.302319348919434,2.50589242341649,150.36144109584163,154.24047562418505,150.36144109584163,154.24047562418505,61682.34777764925,60
6,150,4.302319348919434,2.484647265240584,150.36144109584163,154.0461847540584,150.36144109584163,154.0461847540584,61682.34777764925,60
6,151,4.302319348919434,2.516188773417233,150.36144109584163,154.32755715930904,150.36144109584163,154.32755715930904,61682.34777764925,60
6,152,4.302319348919434,2.5056180029183817,150.36144109584163,154.1634616570939,150.36144109584163,154.1634616570939,61682.34777764925,60
6,153,4.302319348919434,2.499343861947032,150.36144109584163,154.14936999632275,150.36144109584163,154.14936999632275,61682.34777764925,60
6,154,4.302319348919434,2.5037720807436026,150.36144109584163,154.0962368708386,150.36144109584163,154.0962368708386,61682.34777764925,60
6,155,4.302319348919434,2.4932013102447512,150.36144109584163,153.93214136862346,150.36144109584163,153.93214136862346,61682.34777764925,60
6,156,4.302319348919434,2.4953496250085028,150.36144109584163,154.00714328934544,150.36144109584163,154.00714328934544,61682.34777764925,60
6,157,4.302319348919434,2.5000004557140794,150.36144109584163,154.0979741981042,150.36144109584163,154.0979741981042,61682.34777764925,60
6,158,4.302319348919434,2.476933211861633,150.36144109584163,153.83874530719493,150.36144109584163,153.83874530719493,61682.34777764925,60
6,159,4.302319348919434,2.468836985213744,150.36144109584163,153.75971562564112,150.36144109584163,153.75971562564112,61682.34777764925,60
6,160,4.302319348919434,2.485379504094972,150.36144109584163,153.93012565416083,150.36144109584163,153.93012565416083,61682.34777764925,60
6,161,4.302319348919434,2.4938817405100377,150.36144109584163,153.88303233587763,150.36144109584163,153.88303233587763,61682.34777764925,60
6,162,4.302319348919434,2.4957038261865776,150.36144109584163,153.94797035666025,150.36144109584163,153.94797035666025,61682.34777764925,60
6,163,4.302319348919434,2.472532965155926,150.36144109584163,153.8226416000546,150.36144109584163,153.8226416000546,61682.34777764925,60
6,164,4.302319348919434,2.474681279919678,150.36144109584163,153.8976435207765,150.36144109584163,153.8976435207765,61682.34777764925,60
6,165,4.302319348919434,2.4643331213298336,150.36144109584163,153.87751205280435,150.36144109584163,153.87751205280435,61682.34777764925,60
6,166,4.302319348919434,2.48714978118241,150.36144109584163,154.0620137420952,150.36144109584163,154.0620137420952,61682.34777764925,60
6,167,4.302319348919434,2.4786755168582073,150.36144109584163,154.03987022775388,150.36144109584163,154.03987022775388,61682.34777764925,60
6,168,4.302319348919434,2.4867955800043355,150.36144109584163,154.12118667478038,150.36144109584163,154.12118667478038,61682.34777764925,60
6,169,4.302319348919434,2.491498219299014,150.36144109584163,154.14506751638737,150.36144109584163,154.14506751638737,61682.34777764925,60
6,170,4.302319348919434,2.4771558237706404,150.36144109584163,153.98270934143787,150.36144109584163,153.98270934143787,61682.34777764925,60
6,171,4.302319348919434,2.4833781561528876,150.36144109584163,154.06375106936085,150.36144109584163,154.06375106936085,61682.34777764925,60
6,172,4.302319348919434,2.4893499045352625,150.36144109584163,154.07006559566537,150.36144109584163,154.07006559566537,61682.34777764925,60
6,173,4.302319348919434,2.4868991971825394,150.36144109584163,153.98728654047682,150.36144109584163,153.98728654047682,61682.34777764925,60
6,174,4.302319348919434,2.4953216529176396,150.36144109584163,154.07638012196998,150.36144109584163,154.07638012196998,61682.34777764925,60
6,175,4.302319348919434,2.5018981864779604,150.36144109584163,154.09824891720774,150.36144109584163,154.09824891720774,61682.34777764925,60
6,176,4.302319348919434,2.503823889332705,150.36144109584163,154.0292868036868,150.36144109584163,154.0292868036868,61682.34777764925,60
6,177,4.302319348919434,2.4954014335976047,150.36144109584163,153.94019322219367,150.36144109584163,153.94019322219367,61682.34777764925,60
6,178,4.302319348919434,2.507567542271364,150.36144109584163,154.09678630904574,150.36144109584163,154.09678630904574,61682.34777764925,60
6,179,4.302319348919434,2.5138416832427137,150.36144109584163,154.1108779698169,150.36144109584163,154.1108779698169,61682.34777764925,60
6,180,4.302319348919434,2.5179157008612085,150.36144109584163,154.1169177770179,150.36144109584163,154.1169177770179,61682.34777764925,60
6,181,4.302319348919434,2.497247355772383,150.36144109584163,154.00741800844898,150.36144109584163,154.00741800844898,61682.34777764925,60
6,182,4.302319348919434,2.488773091448181,150.36144109584163,153.98527449410764,150.36144109584163,153.98527449410764,61682.34777764925,60
6,183,4.302319348919434,2.4621848065660816,150.36144109584163,153.80251013208238,150.36144109584163,153.80251013208238,61682.34777764925,60
6,184,4.302319348919434,2.4831555442438797,150.36144109584163,153.91978703511788,150.36144109584163,153.91978703511788,61682.34777764925,60
6,185,4.302319348919434,2.4875039823604848,150.36144109584163,154.00284080941003,150.36144109584163,154.00284080941003,61682.34777764925,60
6,186,4.302319348919434,2.4725568016541652,150.36144109584163,153.8249283655273,150.36144109584163,153.8249283655273,61682.34777764925,60
6,187,4.302319348919434,2.4663344692719185,150.36144109584163,153.74388663760436,150.36144109584163,153.74388663760436,61682.34777764925,60
6,188,4.302319348919434,2.459734099213358,150.36144109584163,153.71973107689382,150.36144109584163,153.71973107689382,61682.34777764925,60
6,189,4.302319348919434,2.4760276096964486,150.36144109584163,153.85153251939144,150.36144109584163,153.85153251939144,61682.34777764925,60
6,190,4.302319348919434,2.479470445647869,150.36144109584163,153.94737350588008,150.36144109584163,153.94737350588008,61682.34777764925,60
6,191,4.302319348919434,2.4800736552240807,150.36144109584163,153.926809159217,150.36144109584163,153.926809159217,61682.34777764925,60
6,192,4.302319348919434,2.4712969983109057,150.36144109584163,153.896888510409,150.36144109584163,153.896888510409,61682.34777764925,60
6,193,4.302319348919434,2.4719017834888515,150.36144109584163,153.9124427793422,150.36144109584163,153.9124427793422,61682.34777764925,60
6,194,4.302319348919434,2.457205186782402,150.36144109584163,153.80925753707788,150.36144109584163,153.80925753707788,61682.34777764925,60
6,195,4.302319348919434,2.4487827310473023,150.36144109584163,153.72016395558475,150.36144109584163,153.72016395558475,61682.34777764925,60
6,196,4.302319348919434,2.474404299430677,150.36144109584163,153.92827176737902,150.36144109584163,153.92827176737902,61682.34777764925,60
6,197,4.302319348919434,2.472204176077824,150.36144109584163,153.92021991380884,150.36144109584163,153.92021991380884,61682.34777764925,60
6,198,4.302319348919434,2.4650762415303915,150.36144109584163,153.85196539808237,150.36144109584163,153.85196539808237,61682.34777764925,60
6,199,4.302319348919434,2.4756470120292438,150.36144109584163,154.01606090029745,150.36144109584163,154.01606090029745,61682.34777764925,60
6,200,4.302319348919434,2.4758960204273808,150.36144109584163,154.05466948631954,150.36144109584163,154.05466948631954,61682.34777764925,60
